Advertiser,Advertiser ID,Advertiser Currency,Insertion Order,Insertion Order ID,Line Item,Line Item ID,Date,Impressions,Billable Impressions,Clicks,Click Rate (CTR),Total Conversions,Post-Click Conversions,Post-View Conversions,Revenue (Adv Currency),Total Media Cost (Advertiser Currency)
NBCU Peacock,6004134,USD,NBCU | Peacock | Dr. Death | Android/Google TV Featured Carousel | PG 2021-06-10T16:26:25.189393Z,20868545,NBCU | Peacock | Dr.Death | 7/15/21 - 7/25/21,52189098,7/15/21,185171,185171,0,0.00%,2,0,2,2599.80084,2599.80084
NBCU Peacock,6004134,USD,NBCU | Peacock | Dr. Death | Android/Google TV Featured Carousel | PG 2021-06-10T16:26:25.189393Z,20868545,NBCU | Peacock | Dr.Death | 7/15/21 - 7/25/21,52189098,7/16/21,252814,252814,0,0.00%,10,0,10,3549.50856,3549.50856
NBCU Peacock,6004134,USD,NBCU | Peacock | Dr. Death | Android/Google TV Featured Carousel | PG 2021-06-10T16:26:25.189393Z,20868545,NBCU | Peacock | Dr.Death | 7/15/21 - 7/25/21,52189098,7/17/21,239834,239834,0,0.00%,3,0,3,3367.26936,3367.26936
NBCU Peacock,6004134,USD,NBCU | Peacock | Dr. Death | Android/Google TV Featured Carousel | PG 2021-06-10T16:26:25.189393Z,20868545,NBCU | Peacock | Dr.Death | 7/15/21 - 7/25/21,52189098,7/18/21,235653,235653,0,0.00%,3,0,3,3308.56812,3308.56812
NBCU Peacock,6004134,USD,NBCU | Peacock | Dr. Death | Android/Google TV Featured Carousel | PG 2021-06-10T16:26:25.189393Z,20868545,NBCU | Peacock | Dr.Death | 7/15/21 - 7/25/21,52189098,7/19/21,234338,234338,0,0.00%,8,0,8,3290.10552,3290.10552
NBCU Peacock,6004134,USD,NBCU | Peacock | Dr. Death | Android/Google TV Featured Carousel | PG 2021-06-10T16:26:25.189393Z,20868545,NBCU | Peacock | Dr.Death | 7/15/21 - 7/25/21,52189098,7/20/21,233337,233337,0,0.00%,5,0,5,3276.05148,3276.05148
NBCU Peacock,6004134,USD,NBCU | Peacock | Dr. Death | Android/Google TV Featured Carousel | PG 2021-06-10T16:26:25.189393Z,20868545,NBCU | Peacock | Dr.Death | 7/15/21 - 7/25/21,52189098,7/21/21,230832,230832,0,0.00%,3,0,3,3240.88128,3240.88128
NBCU Peacock,6004134,USD,NBCU | Peacock | Dr. Death | Android/Google TV Featured Carousel | PG 2021-06-10T16:26:25.189393Z,20868545,NBCU | Peacock | Dr.Death | 7/15/21 - 7/25/21,52189098,7/22/21,229247,229247,0,0.00%,6,0,6,3218.62788,3218.62788
NBCU Peacock,6004134,USD,NBCU | Peacock | Dr. Death | Android/Google TV Featured Carousel | PG 2021-06-10T16:26:25.189393Z,20868545,NBCU | Peacock | Dr.Death | 7/15/21 - 7/25/21,52189098,7/23/21,221978,221978,0,0.00%,7,0,7,3116.57112,3116.57112
NBCU Peacock,6004134,USD,NBCU | Peacock | Dr. Death | Android/Google TV Featured Carousel | PG 2021-06-10T16:26:25.189393Z,20868545,NBCU | Peacock | Dr.Death | 7/15/21 - 7/25/21,52189098,7/24/21,219312,219312,0,0.00%,13,0,13,3079.14048,3079.14048
NBCU Peacock,6004134,USD,NBCU | Peacock | Dr. Death | Android/Google TV Featured Carousel | PG 2021-06-10T16:26:25.189393Z,20868545,NBCU | Peacock | Dr.Death | 7/15/21 - 7/25/21,52189098,7/25/21,193520,193520,0,0.00%,11,0,11,2717.0208,2717.0208
NBCU Peacock,6004134,USD,NBCU | Peacock | Dr. Death | Android/Google TV Featured Carousel | PG 2021-06-10T16:26:25.189393Z,20868545,NBCU | Peacock | Dr.Death | 7/15/21 - 7/25/21,52189098,7/26/21,5992,5992,0,0.00%,6,0,6,84.12768,84.12768
NBCU Peacock,6004134,USD,NBCU | Peacock | Dr. Death | Android/Google TV Featured Carousel | PG 2021-06-10T16:26:25.189393Z,20868545,NBCU | Peacock | Dr.Death | 7/15/21 - 7/25/21,52189098,7/27/21,0,0,0,0.00%,8,0,8,0,0
NBCU Peacock,6004134,USD,NBCU | Peacock | Dr. Death | Android/Google TV Featured Carousel | PG 2021-06-10T16:26:25.189393Z,20868545,NBCU | Peacock | Dr.Death | 7/15/21 - 7/25/21,52189098,7/28/21,0,0,0,0.00%,4,0,4,0,0
NBCU Peacock,6004134,USD,NBCU | Peacock | Dr. Death | Android/Google TV Featured Carousel | PG 2021-06-10T16:26:25.189393Z,20868545,NBCU | Peacock | Dr.Death | 7/15/21 - 7/25/21,52189098,7/29/21,0,0,0,0.00%,6,0,6,0,0
NBCU Peacock,6004134,USD,NBCU | Peacock | Dr. Death | Android/Google TV Featured Carousel | PG 2021-06-10T16:26:25.189393Z,20868545,NBCU | Peacock | Dr.Death | 7/15/21 - 7/25/21,52189098,7/30/21,0,0,0,0.00%,4,0,4,0,0
NBCU Peacock,6004134,USD,NBCU | Peacock | Dr. Death | Android/Google TV Featured Carousel | PG 2021-06-10T16:26:25.189393Z,20868545,NBCU | Peacock | Dr.Death | 7/15/21 - 7/25/21,52189098,7/31/21,0,0,0,0.00%,3,0,3,0,0
NBCU Peacock,6004134,USD,NBCU | Peacock | Dr. Death | Android/Google TV Featured Carousel | PG 2021-06-10T16:26:25.189393Z,20868545,NBCU | Peacock | Dr.Death | 7/15/21 - 7/25/21,52189098,8/1/21,0,0,0,0.00%,5,0,5,0,0
NBCU Peacock,6004134,USD,NBCU | Peacock | Dr. Death | Android/Google TV Featured Carousel | PG 2021-06-10T16:26:25.189393Z,20868545,NBCU | Peacock | Dr.Death | 7/15/21 - 7/25/21,52189098,8/2/21,0,0,0,0.00%,1,0,1,0,0
NBCU Peacock,6004134,USD,NBCU | Peacock | Dr. Death | Android/Google TV Featured Carousel | PG 2021-06-10T16:26:25.189393Z,20868545,NBCU | Peacock | Dr.Death | 7/15/21 - 7/25/21,52189098,8/3/21,0,0,0,0.00%,1,0,1,0,0
NBCU Peacock,6004134,USD,NBCU | Peacock | Dr. Death | Android/Google TV Featured Carousel | PG 2021-06-10T16:26:25.189393Z,20868545,NBCU | Peacock | Dr.Death | 7/15/21 - 7/25/21,52189098,8/4/21,0,0,0,0.00%,1,0,1,0,0
NBCU Peacock,6004134,USD,NBCU | Peacock | Dr. Death | Android/Google TV Featured Carousel | PG 2021-06-10T16:26:25.189393Z,20868545,NBCU | Peacock | Dr.Death | 7/15/21 - 7/25/21,52189098,8/5/21,0,0,0,0.00%,1,0,1,0,0
NBCU Peacock,6004134,USD,NBCU | Peacock | Girls5Eva | Android/Google TV Featured Carousel | PG,19872040,NBCU | Peacock | Girls5Eva | PG | 5/6/21 - 5/12/21 | Android TV 2021-04-28T23:09:32.924Z,49969880,5/6/21,437811,437811,0,0.00%,1,0,1,6146.86644,6146.86644
NBCU Peacock,6004134,USD,NBCU | Peacock | Girls5Eva | Android/Google TV Featured Carousel | PG,19872040,NBCU | Peacock | Girls5Eva | PG | 5/6/21 - 5/12/21 | Android TV 2021-04-28T23:09:32.924Z,49969880,5/7/21,570433,570433,0,0.00%,3,0,3,8008.87932,8008.87932
NBCU Peacock,6004134,USD,NBCU | Peacock | Girls5Eva | Android/Google TV Featured Carousel | PG,19872040,NBCU | Peacock | Girls5Eva | PG | 5/6/21 - 5/12/21 | Android TV 2021-04-28T23:09:32.924Z,49969880,5/8/21,530942,530942,0,0.00%,3,0,3,7454.42568,7454.42568
NBCU Peacock,6004134,USD,NBCU | Peacock | Girls5Eva | Android/Google TV Featured Carousel | PG,19872040,NBCU | Peacock | Girls5Eva | PG | 5/6/21 - 5/12/21 | Android TV 2021-04-28T23:09:32.924Z,49969880,5/9/21,521594,521594,0,0.00%,4,0,4,7323.17976,7323.17976
NBCU Peacock,6004134,USD,NBCU | Peacock | Girls5Eva | Android/Google TV Featured Carousel | PG,19872040,NBCU | Peacock | Girls5Eva | PG | 5/6/21 - 5/12/21 | Android TV 2021-04-28T23:09:32.924Z,49969880,5/10/21,511812,511812,0,0.00%,1,0,1,7185.84048,7185.84048
NBCU Peacock,6004134,USD,NBCU | Peacock | Girls5Eva | Android/Google TV Featured Carousel | PG,19872040,NBCU | Peacock | Girls5Eva | PG | 5/6/21 - 5/12/21 | Android TV 2021-04-28T23:09:32.924Z,49969880,5/11/21,507060,507060,0,0.00%,2,0,2,7119.1224,7119.1224
NBCU Peacock,6004134,USD,NBCU | Peacock | Girls5Eva | Android/Google TV Featured Carousel | PG,19872040,NBCU | Peacock | Girls5Eva | PG | 5/6/21 - 5/12/21 | Android TV 2021-04-28T23:09:32.924Z,49969880,5/12/21,446374,446374,0,0.00%,1,0,1,6267.09096,6267.09096
NBCU Peacock,6004134,USD,NBCU | Peacock | Girls5Eva | Android/Google TV Featured Carousel | PG,19872040,NBCU | Peacock | Girls5Eva | PG | 5/6/21 - 5/12/21 | Android TV 2021-04-28T23:09:32.924Z,49969880,5/13/21,19415,19415,0,0.00%,2,0,2,272.5866,272.5866
NBCU Peacock,6004134,USD,NBCU | Peacock | Girls5Eva | Android/Google TV Featured Carousel | PG,19872040,NBCU | Peacock | Girls5Eva | PG | 5/6/21 - 5/12/21 | Android TV 2021-04-28T23:09:32.924Z,49969880,5/14/21,0,0,0,0.00%,3,0,3,0,0
NBCU Peacock,6004134,USD,NBCU | Peacock | Girls5Eva | Android/Google TV Featured Carousel | PG,19872040,NBCU | Peacock | Girls5Eva | PG | 5/6/21 - 5/12/21 | Android TV 2021-04-28T23:09:32.924Z,49969880,5/16/21,0,0,0,0.00%,2,0,2,0,0
NBCU Peacock,6004134,USD,NBCU | Peacock | Girls5Eva | Android/Google TV Featured Carousel | PG,19872040,NBCU | Peacock | Girls5Eva | PG | 5/6/21 - 5/12/21 | Android TV 2021-04-28T23:09:32.924Z,49969880,5/17/21,0,0,0,0.00%,2,0,2,0,0
NBCU Peacock,6004134,USD,NBCU | Peacock | Girls5Eva | Android/Google TV Featured Carousel | PG,19872040,NBCU | Peacock | Girls5Eva | PG | 5/6/21 - 5/12/21 | Android TV 2021-04-28T23:09:32.924Z,49969880,5/19/21,0,0,0,0.00%,2,0,2,0,0
NBCU Peacock,6004134,USD,NBCU | Peacock | Girls5Eva | Android/Google TV Featured Carousel | PG,19872040,NBCU | Peacock | Girls5Eva | PG | 5/6/21 - 5/12/21 | Android TV 2021-04-28T23:09:32.924Z,49969880,5/21/21,0,0,0,0.00%,1,0,1,0,0
NBCU Peacock,6004134,USD,NBCU | Peacock | Rutherford Falls | Android / Google TV Featured Carousel | PG,18324745,NBCU | Peacock | Rutherford Falls | PG | 4/22 - 4/28,47143587,4/22/21,455724,455724,0,0.00%,4,0,4,6398.36496,6398.36496
NBCU Peacock,6004134,USD,NBCU | Peacock | Rutherford Falls | Android / Google TV Featured Carousel | PG,18324745,NBCU | Peacock | Rutherford Falls | PG | 4/22 - 4/28,47143587,4/23/21,591734,591734,0,0.00%,0,0,0,8307.94536,8307.94536
NBCU Peacock,6004134,USD,NBCU | Peacock | Rutherford Falls | Android / Google TV Featured Carousel | PG,18324745,NBCU | Peacock | Rutherford Falls | PG | 4/22 - 4/28,47143587,4/24/21,548436,548436,0,0.00%,2,0,2,7700.04144,7700.04144
NBCU Peacock,6004134,USD,NBCU | Peacock | Rutherford Falls | Android / Google TV Featured Carousel | PG,18324745,NBCU | Peacock | Rutherford Falls | PG | 4/22 - 4/28,47143587,4/25/21,532652,532652,0,0.00%,7,0,7,7478.43408,7478.43408
NBCU Peacock,6004134,USD,NBCU | Peacock | Rutherford Falls | Android / Google TV Featured Carousel | PG,18324745,NBCU | Peacock | Rutherford Falls | PG | 4/22 - 4/28,47143587,4/26/21,560501,560501,0,0.00%,3,0,3,7869.43404,7869.43404
NBCU Peacock,6004134,USD,NBCU | Peacock | Rutherford Falls | Android / Google TV Featured Carousel | PG,18324745,NBCU | Peacock | Rutherford Falls | PG | 4/22 - 4/28,47143587,4/27/21,518921,518921,0,0.00%,0,0,0,7285.65084,7285.65084
NBCU Peacock,6004134,USD,NBCU | Peacock | Rutherford Falls | Android / Google TV Featured Carousel | PG,18324745,NBCU | Peacock | Rutherford Falls | PG | 4/22 - 4/28,47143587,4/28/21,465328,465328,0,0.00%,0,0,0,6533.20512,6533.20512
NBCU Peacock,6004134,USD,NBCU | Peacock | Rutherford Falls | Android / Google TV Featured Carousel | PG,18324745,NBCU | Peacock | Rutherford Falls | PG | 4/22 - 4/28,47143587,4/29/21,20855,20855,0,0.00%,2,0,2,292.8042,292.8042
NBCU Peacock,6004134,USD,NBCU | Peacock | Rutherford Falls | Android / Google TV Featured Carousel | PG,18324745,NBCU | Peacock | Rutherford Falls | PG | 4/22 - 4/28,47143587,5/1/21,0,0,0,0.00%,1,0,1,0,0
NBCU Peacock,6004134,USD,NBCU | Peacock | Rutherford Falls | Android / Google TV Featured Carousel | PG,18324745,NBCU | Peacock | Rutherford Falls | PG | 4/22 - 4/28,47143587,5/3/21,0,0,0,0.00%,1,0,1,0,0
NBCU Peacock,6004134,USD,NBCU | Peacock | Rutherford Falls | Android / Google TV Featured Carousel | PG,18324745,NBCU | Peacock | Rutherford Falls | PG | 4/22 - 4/28,47143587,5/8/21,0,0,0,0.00%,1,0,1,0,0
NBCU Peacock,6004134,USD,NBCU | Peacock | Rutherford Falls | Android / Google TV Featured Carousel | PG,18324745,NBCU | Peacock | Rutherford Falls | PG | 4/22 - 4/28,47143587,5/9/21,0,0,0,0.00%,1,0,1,0,0
NBCU Peacock,6004134,USD,NBCU | Peacock | Rutherford Falls | Android / Google TV Featured Carousel | PG,18324745,NBCU | Peacock | Rutherford Falls | PG | 4/22 - 4/28,47143587,5/11/21,0,0,0,0.00%,1,0,1,0,0
NBCU Peacock,6004134,USD,NBCU | Peacock | The Lost Symbol | Android/Google TV Featured Carousel | PG,22920471,NBCU | Peacock | The Lost Symbol | 9/16/21 - 9/23/21,56621746,9/16/21,184673,184673,0,0.00%,1,0,1,2592.80892,2592.80892
NBCU Peacock,6004134,USD,NBCU | Peacock | The Lost Symbol | Android/Google TV Featured Carousel | PG,22920471,NBCU | Peacock | The Lost Symbol | 9/16/21 - 9/23/21,56621746,9/17/21,699257,699257,0,0.00%,3,0,3,9817.56828,9817.56828
NBCU Peacock,6004134,USD,NBCU | Peacock | The Lost Symbol | Android/Google TV Featured Carousel | PG,22920471,NBCU | Peacock | The Lost Symbol | 9/16/21 - 9/23/21,56621746,9/18/21,583242,583242,0,0.00%,5,0,5,8188.71768,8188.71768
NBCU Peacock,6004134,USD,NBCU | Peacock | The Lost Symbol | Android/Google TV Featured Carousel | PG,22920471,NBCU | Peacock | The Lost Symbol | 9/16/21 - 9/23/21,56621746,9/19/21,571426,571426,0,0.00%,7,0,7,8022.82104,8022.82104
NBCU Peacock,6004134,USD,NBCU | Peacock | The Lost Symbol | Android/Google TV Featured Carousel | PG,22920471,NBCU | Peacock | The Lost Symbol | 9/16/21 - 9/23/21,56621746,9/20/21,303506,303506,0,0.00%,3,0,3,4261.22424,4261.22424
NBCU Peacock,6004134,USD,NBCU | Peacock | The Lost Symbol | Android/Google TV Featured Carousel | PG,22920471,NBCU | Peacock | The Lost Symbol | 9/16/21 - 9/23/21,56621746,9/21/21,486628,486628,0,0.00%,3,0,3,6832.25712,6832.25712
NBCU Peacock,6004134,USD,NBCU | Peacock | The Lost Symbol | Android/Google TV Featured Carousel | PG,22920471,NBCU | Peacock | The Lost Symbol | 9/16/21 - 9/23/21,56621746,9/22/21,434873,434873,0,0.00%,3,0,3,6105.61692,6105.61692
NBCU Peacock,6004134,USD,NBCU | Peacock | The Lost Symbol | Android/Google TV Featured Carousel | PG,22920471,NBCU | Peacock | The Lost Symbol | 9/16/21 - 9/23/21,56621746,9/23/21,35364,35364,0,0.00%,6,0,6,496.51056,496.51056
NBCU Peacock,6004134,USD,NBCU | Peacock | The Lost Symbol | Android/Google TV Featured Carousel | PG,22920471,NBCU | Peacock | The Lost Symbol | 9/16/21 - 9/23/21,56621746,9/24/21,0,0,0,0.00%,2,0,2,0,0
NBCU Peacock,6004134,USD,NBCU | Peacock | The Lost Symbol | Android/Google TV Featured Carousel | PG,22920471,NBCU | Peacock | The Lost Symbol | 9/16/21 - 9/23/21,56621746,9/25/21,0,0,0,0.00%,1,0,1,0,0
NBCU Peacock,6004134,USD,NBCU | Peacock | The Lost Symbol | Android/Google TV Featured Carousel | PG,22920471,NBCU | Peacock | The Lost Symbol | 9/16/21 - 9/23/21,56621746,9/26/21,0,0,0,0.00%,2,0,2,0,0
NBCU Peacock,6004134,USD,NBCU | Peacock | The Lost Symbol | Android/Google TV Featured Carousel | PG,22920471,NBCU | Peacock | The Lost Symbol | 9/16/21 - 9/23/21,56621746,9/27/21,122567,122567,0,0.00%,0,0,0,1720.84068,1720.84068
NBCU Peacock,6004134,USD,NBCU | Peacock | The Lost Symbol | Android/Google TV Featured Carousel | PG,22920471,NBCU | Peacock | The Lost Symbol | 9/16/21 - 9/23/21,56621746,9/28/21,142227,142227,0,0.00%,0,0,0,1996.86708,1996.86708
NBCU Peacock,6004134,USD,NBCU | Peacock | The Lost Symbol | Android/Google TV Featured Carousel | PG,22920471,NBCU | Peacock | The Lost Symbol | 9/16/21 - 9/23/21,56621746,9/29/21,0,0,0,0.00%,1,0,1,0,0
NBCU Peacock,6004134,USD,NBCU | Peacock | The Lost Symbol | Android/Google TV Featured Carousel | PG,22920471,NBCU | Peacock | The Lost Symbol | 9/16/21 - 9/23/21,56621746,10/1/21,0,0,0,0.00%,1,0,1,0,0
NBCU Peacock,6004134,USD,NBCU | Peacock | The Lost Symbol | Android/Google TV Featured Carousel | PG,22920471,NBCU | Peacock | The Lost Symbol | 9/16/21 - 9/23/21,56621746,10/2/21,0,0,0,0.00%,1,0,1,0,0
NBCU Peacock,6004134,USD,NBCU | Peacock | The Lost Symbol | Android/Google TV Featured Carousel | PG,22920471,NBCU | Peacock | The Lost Symbol | 9/16/21 - 9/23/21,56621746,10/3/21,0,0,0,0.00%,1,0,1,0,0
NBCU Peacock,6004134,USD,NBCU | Peacock | The Lost Symbol | Android/Google TV Featured Carousel | PG,22920471,NBCU | Peacock | The Lost Symbol | 9/16/21 - 9/23/21,56621746,10/5/21,0,0,0,0.00%,1,0,1,0,0
NBCU Peacock,6004134,USD,NBCU | Peacock | The Lost Symbol | Android/Google TV Featured Carousel | PG,22920471,NBCU | Peacock | The Lost Symbol | 9/16/21 - 9/23/21,56621746,10/7/21,0,0,0,0.00%,1,0,1,0,0
NBCU Peacock,6004134,USD,NBCU | Peacock | The Lost Symbol | Android/Google TV Featured Carousel | PG,22920471,NBCU | Peacock | The Lost Symbol | 9/16/21 - 9/23/21,56621746,10/11/21,0,0,0,0.00%,2,0,2,0,0
NBCU Peacock,6004134,USD,NBCU | Peacock | The Office | Android / Google TV Featured Carousel | PG,18498081,NBCU | Peacock | The Office | Android / Google TV FC | 3/18 - 3/25,47401632,3/18/21,409089,409089,0,0.00%,0,0,0,5743.60956,5743.60956
NBCU Peacock,6004134,USD,NBCU | Peacock | The Office | Android / Google TV Featured Carousel | PG,18498081,NBCU | Peacock | The Office | Android / Google TV FC | 3/18 - 3/25,47401632,3/19/21,581503,581503,0,0.00%,1,0,1,8164.30212,8164.30212
NBCU Peacock,6004134,USD,NBCU | Peacock | The Office | Android / Google TV Featured Carousel | PG,18498081,NBCU | Peacock | The Office | Android / Google TV FC | 3/18 - 3/25,47401632,3/20/21,539824,539824,0,0.00%,4,0,4,7579.12896,7579.12896
NBCU Peacock,6004134,USD,NBCU | Peacock | The Office | Android / Google TV Featured Carousel | PG,18498081,NBCU | Peacock | The Office | Android / Google TV FC | 3/18 - 3/25,47401632,3/21/21,520524,520524,0,0.00%,3,0,3,7308.15696,7308.15696
NBCU Peacock,6004134,USD,NBCU | Peacock | The Office | Android / Google TV Featured Carousel | PG,18498081,NBCU | Peacock | The Office | Android / Google TV FC | 3/18 - 3/25,47401632,3/22/21,517425,517425,0,0.00%,3,0,3,7264.647,7264.647
NBCU Peacock,6004134,USD,NBCU | Peacock | The Office | Android / Google TV Featured Carousel | PG,18498081,NBCU | Peacock | The Office | Android / Google TV FC | 3/18 - 3/25,47401632,3/23/21,508227,508227,0,0.00%,3,0,3,7135.50708,7135.50708
NBCU Peacock,6004134,USD,NBCU | Peacock | The Office | Android / Google TV Featured Carousel | PG,18498081,NBCU | Peacock | The Office | Android / Google TV FC | 3/18 - 3/25,47401632,3/24/21,428645,428645,0,0.00%,3,0,3,6018.1758,6018.1758
NBCU Peacock,6004134,USD,NBCU | Peacock | The Office | Android / Google TV Featured Carousel | PG,18498081,NBCU | Peacock | The Office | Android / Google TV FC | 3/18 - 3/25,47401632,3/25/21,26186,26186,0,0.00%,1,0,1,367.65144,367.65144
NBCU Peacock,6004134,USD,NBCU | Peacock | The Office | Android / Google TV Featured Carousel | PG,18498081,NBCU | Peacock | The Office | Android / Google TV FC | 3/18 - 3/25,47401632,3/26/21,0,0,0,0.00%,2,0,2,0,0
NBCU Peacock,6004134,USD,NBCU | Peacock | The Office | Android / Google TV Featured Carousel | PG,18498081,NBCU | Peacock | The Office | Android / Google TV FC | 3/18 - 3/25,47401632,3/27/21,0,0,0,0.00%,1,0,1,0,0
NBCU Peacock,6004134,USD,NBCU | Peacock | The Office | Android / Google TV Featured Carousel | PG,18498081,NBCU | Peacock | The Office | Android / Google TV FC | 3/18 - 3/25,47401632,3/28/21,0,0,0,0.00%,2,0,2,0,0
NBCU Peacock,6004134,USD,NBCU | Peacock | The Office | Android / Google TV Featured Carousel | PG,18498081,NBCU | Peacock | The Office | Android / Google TV FC | 3/18 - 3/25,47401632,3/30/21,0,0,0,0.00%,3,0,3,0,0
NBCU Peacock,6004134,USD,NBCU | Peacock | The Office | Android / Google TV Featured Carousel | PG,18498081,NBCU | Peacock | The Office | Android / Google TV FC | 3/18 - 3/25,47401632,3/31/21,0,0,0,0.00%,1,0,1,0,0
NBCU Peacock,6004134,USD,NBCU | Peacock | The Office | Android / Google TV Featured Carousel | PG,18498081,NBCU | Peacock | The Office | Android / Google TV FC | 3/18 - 3/25,47401632,4/2/21,0,0,0,0.00%,2,0,2,0,0
NBCU Peacock,6004134,USD,NBCU | Peacock | The Office | Android / Google TV Featured Carousel | PG,18498081,NBCU | Peacock | The Office | Android / Google TV FC | 3/18 - 3/25,47401632,4/3/21,0,0,0,0.00%,2,0,2,0,0
NBCU Peacock,6004134,USD,NBCU | Peacock | The Office | Android / Google TV Featured Carousel | PG,18498081,NBCU | Peacock | The Office | Android / Google TV FC | 3/18 - 3/25,47401632,4/5/21,0,0,0,0.00%,2,0,2,0,0
NBCU Peacock,6004134,USD,NBCU | Peacock | The Office | PG Campaign | 2/3/21 - 2/9/21,17853352,NBCU_Peacock_The Office - PG Campaign,46372727,2/3/21,482980,482980,0,0.00%,0,0,0,6781.0392,6781.0392
NBCU Peacock,6004134,USD,NBCU | Peacock | The Office | PG Campaign | 2/3/21 - 2/9/21,17853352,NBCU_Peacock_The Office - PG Campaign,46372727,2/4/21,581953,581953,0,0.00%,0,0,0,8170.62012,8170.62012
NBCU Peacock,6004134,USD,NBCU | Peacock | The Office | PG Campaign | 2/3/21 - 2/9/21,17853352,NBCU_Peacock_The Office - PG Campaign,46372727,2/5/21,555169,555169,0,0.00%,1,0,1,7794.57276,7794.57276
NBCU Peacock,6004134,USD,NBCU | Peacock | The Office | PG Campaign | 2/3/21 - 2/9/21,17853352,NBCU_Peacock_The Office - PG Campaign,46372727,2/6/21,563745,563745,0,0.00%,2,0,2,7914.9798,7914.9798
NBCU Peacock,6004134,USD,NBCU | Peacock | The Office | PG Campaign | 2/3/21 - 2/9/21,17853352,NBCU_Peacock_The Office - PG Campaign,46372727,2/7/21,519416,519416,0,0.00%,0,0,0,7292.60064,7292.60064
NBCU Peacock,6004134,USD,NBCU | Peacock | The Office | PG Campaign | 2/3/21 - 2/9/21,17853352,NBCU_Peacock_The Office - PG Campaign,46372727,2/8/21,520223,520223,0,0.00%,3,0,3,7303.93092,7303.93092
NBCU Peacock,6004134,USD,NBCU | Peacock | The Office | PG Campaign | 2/3/21 - 2/9/21,17853352,NBCU_Peacock_The Office - PG Campaign,46372727,2/9/21,455438,455438,0,0.00%,0,0,0,6394.34952,6394.34952
NBCU Peacock,6004134,USD,NBCU | Peacock | The Office | PG Campaign | 2/3/21 - 2/9/21,17853352,NBCU_Peacock_The Office - PG Campaign,46372727,2/10/21,21273,21273,0,0.00%,0,0,0,298.67292,298.67292
NBCU Peacock,6004134,USD,NBCU | Peacock | The Office | PG Campaign | 2/3/21 - 2/9/21,17853352,NBCU_Peacock_The Office - PG Campaign,46372727,2/11/21,0,0,0,0.00%,1,0,1,0,0
NBCU Peacock,6004134,USD,NBCU | Peacock | The Office | PG Campaign | 2/3/21 - 2/9/21,17853352,NBCU_Peacock_The Office - PG Campaign,46372727,2/14/21,0,0,0,0.00%,1,0,1,0,0
NBCU Peacock,6004134,USD,NBCU | Peacock | The Office | PG Campaign | 2/3/21 - 2/9/21,17853352,NBCU_Peacock_The Office - PG Campaign,46372727,2/19/21,0,0,0,0.00%,3,0,3,0,0
NBCU Peacock,6004134,USD,NBCU | Peacock | The Office | PG Campaign | 2/3/21 - 2/9/21,17853352,NBCU_Peacock_The Office - PG Campaign,46372727,2/20/21,0,0,0,0.00%,2,0,2,0,0
NBCU Peacock,6004134,USD,NBCU | Peacock | The Office | PG Campaign | 2/3/21 - 2/9/21,17853352,NBCU_Peacock_The Office - PG Campaign,46372727,2/21/21,0,0,0,0.00%,2,0,2,0,0
NBCU Peacock,6004134,USD,NBCU | Peacock | The Office | PG Campaign | 2/3/21 - 2/9/21,17853352,NBCU_Peacock_The Office - PG Campaign,46372727,2/23/21,0,0,0,0.00%,1,0,1,0,0
NBCU Peacock,6004134,USD,NBCU | Peacock | Wrestlemania | Android/Google TV Featured Carousel | 4/5/21 - 4/11/21 | PG,19239554,NBCU | Peacock | Wrestlemania | 3/29 /21 - 4/11/21 2021-04-01T18:03:24.022Z,48691094,4/5/21,659719,659719,0,0.00%,1,0,1,9262.45476,9262.45476
NBCU Peacock,6004134,USD,NBCU | Peacock | Wrestlemania | Android/Google TV Featured Carousel | 4/5/21 - 4/11/21 | PG,19239554,NBCU | Peacock | Wrestlemania | 3/29 /21 - 4/11/21 2021-04-01T18:03:24.022Z,48691094,4/6/21,779102,779102,0,0.00%,3,0,3,10938.59208,10938.59208
NBCU Peacock,6004134,USD,NBCU | Peacock | Wrestlemania | Android/Google TV Featured Carousel | 4/5/21 - 4/11/21 | PG,19239554,NBCU | Peacock | Wrestlemania | 3/29 /21 - 4/11/21 2021-04-01T18:03:24.022Z,48691094,4/7/21,753865,753865,0,0.00%,2,0,2,10584.2646,10584.2646
NBCU Peacock,6004134,USD,NBCU | Peacock | Wrestlemania | Android/Google TV Featured Carousel | 4/5/21 - 4/11/21 | PG,19239554,NBCU | Peacock | Wrestlemania | 3/29 /21 - 4/11/21 2021-04-01T18:03:24.022Z,48691094,4/8/21,722751,722751,0,0.00%,4,0,4,10147.42404,10147.42404
NBCU Peacock,6004134,USD,NBCU | Peacock | Wrestlemania | Android/Google TV Featured Carousel | 4/5/21 - 4/11/21 | PG,19239554,NBCU | Peacock | Wrestlemania | 3/29 /21 - 4/11/21 2021-04-01T18:03:24.022Z,48691094,4/9/21,714657,714657,0,0.00%,3,0,3,10033.78428,10033.78428
NBCU Peacock,6004134,USD,NBCU | Peacock | Wrestlemania | Android/Google TV Featured Carousel | 4/5/21 - 4/11/21 | PG,19239554,NBCU | Peacock | Wrestlemania | 3/29 /21 - 4/11/21 2021-04-01T18:03:24.022Z,48691094,4/10/21,721578,721578,0,0.00%,8,0,8,10130.95512,10130.95512
NBCU Peacock,6004134,USD,NBCU | Peacock | Wrestlemania | Android/Google TV Featured Carousel | 4/5/21 - 4/11/21 | PG,19239554,NBCU | Peacock | Wrestlemania | 3/29 /21 - 4/11/21 2021-04-01T18:03:24.022Z,48691094,4/11/21,595462,595462,0,0.00%,5,0,5,8360.28648,8360.28648
NBCU Peacock,6004134,USD,NBCU | Peacock | Wrestlemania | Android/Google TV Featured Carousel | 4/5/21 - 4/11/21 | PG,19239554,NBCU | Peacock | Wrestlemania | 3/29 /21 - 4/11/21 2021-04-01T18:03:24.022Z,48691094,4/12/21,21366,21366,0,0.00%,0,0,0,299.97864,299.97864
NBCU Peacock,6004134,USD,NBCU | Peacock | Wrestlemania | Android/Google TV Featured Carousel | 4/5/21 - 4/11/21 | PG,19239554,NBCU | Peacock | Wrestlemania | 3/29 /21 - 4/11/21 2021-04-01T18:03:24.022Z,48691094,4/13/21,0,0,0,0.00%,2,0,2,0,0
NBCU Peacock,6004134,USD,NBCU | Peacock | Wrestlemania | Android/Google TV Featured Carousel | 4/5/21 - 4/11/21 | PG,19239554,NBCU | Peacock | Wrestlemania | 3/29 /21 - 4/11/21 2021-04-01T18:03:24.022Z,48691094,4/14/21,0,0,0,0.00%,1,0,1,0,0
NBCU Peacock,6004134,USD,NBCU | Peacock | Wrestlemania | Android/Google TV Featured Carousel | 4/5/21 - 4/11/21 | PG,19239554,NBCU | Peacock | Wrestlemania | 3/29 /21 - 4/11/21 2021-04-01T18:03:24.022Z,48691094,4/15/21,0,0,0,0.00%,1,0,1,0,0
NBCU Peacock,6004134,USD,NBCU | Peacock | Wrestlemania | Android/Google TV Featured Carousel | 4/5/21 - 4/11/21 | PG,19239554,NBCU | Peacock | Wrestlemania | 3/29 /21 - 4/11/21 2021-04-01T18:03:24.022Z,48691094,4/17/21,0,0,0,0.00%,1,0,1,0,0
NBCU Peacock,6004134,USD,NBCU | Peacock | Wrestlemania | Android/Google TV Featured Carousel | 4/5/21 - 4/11/21 | PG,19239554,NBCU | Peacock | Wrestlemania | 3/29 /21 - 4/11/21 2021-04-01T18:03:24.022Z,48691094,4/21/21,0,0,0,0.00%,3,0,3,0,0
NBCU Peacock,6004134,USD,NBCU | Peacock | Wrestlemania | Android/Google TV Featured Carousel | 4/5/21 - 4/11/21 | PG,19239554,NBCU | Peacock | Wrestlemania | 3/29 /21 - 4/11/21 2021-04-01T18:03:24.022Z,48691094,4/24/21,0,0,0,0.00%,1,0,1,0,0
NBCU Peacock,6004134,USD,Peacock | Punky Brewster | Android/Google TV Homescreen | PG Campaign,17968540,Peacock | Punky Brewster | PG | 2/25 - 3/3,46574880,2/25/21,425056,425056,0,0.00%,10,0,10,5967.78624,5967.78624
NBCU Peacock,6004134,USD,Peacock | Punky Brewster | Android/Google TV Homescreen | PG Campaign,17968540,Peacock | Punky Brewster | PG | 2/25 - 3/3,46574880,2/26/21,565605,565605,0,0.00%,14,0,14,7941.0942,7941.0942
NBCU Peacock,6004134,USD,Peacock | Punky Brewster | Android/Google TV Homescreen | PG Campaign,17968540,Peacock | Punky Brewster | PG | 2/25 - 3/3,46574880,2/27/21,528694,528694,0,0.00%,19,0,19,7422.86376,7422.86376
NBCU Peacock,6004134,USD,Peacock | Punky Brewster | Android/Google TV Homescreen | PG Campaign,17968540,Peacock | Punky Brewster | PG | 2/25 - 3/3,46574880,2/28/21,510364,510364,0,0.00%,24,0,24,7165.51056,7165.51056
NBCU Peacock,6004134,USD,Peacock | Punky Brewster | Android/Google TV Homescreen | PG Campaign,17968540,Peacock | Punky Brewster | PG | 2/25 - 3/3,46574880,3/1/21,519580,519580,0,0.00%,13,0,13,7294.9032,7294.9032
NBCU Peacock,6004134,USD,Peacock | Punky Brewster | Android/Google TV Homescreen | PG Campaign,17968540,Peacock | Punky Brewster | PG | 2/25 - 3/3,46574880,3/2/21,486421,486421,0,0.00%,27,0,27,6829.35084,6829.35084
NBCU Peacock,6004134,USD,Peacock | Punky Brewster | Android/Google TV Homescreen | PG Campaign,17968540,Peacock | Punky Brewster | PG | 2/25 - 3/3,46574880,3/3/21,420389,420389,0,0.00%,18,0,18,5902.26156,5902.26156
NBCU Peacock,6004134,USD,Peacock | Punky Brewster | Android/Google TV Homescreen | PG Campaign,17968540,Peacock | Punky Brewster | PG | 2/25 - 3/3,46574880,3/4/21,26221,26221,0,0.00%,13,0,13,368.14284,368.14284
NBCU Peacock,6004134,USD,Peacock | Punky Brewster | Android/Google TV Homescreen | PG Campaign,17968540,Peacock | Punky Brewster | PG | 2/25 - 3/3,46574880,3/5/21,0,0,0,0.00%,10,0,10,0,0
NBCU Peacock,6004134,USD,Peacock | Punky Brewster | Android/Google TV Homescreen | PG Campaign,17968540,Peacock | Punky Brewster | PG | 2/25 - 3/3,46574880,3/6/21,0,0,0,0.00%,28,0,28,0,0
NBCU Peacock,6004134,USD,Peacock | Punky Brewster | Android/Google TV Homescreen | PG Campaign,17968540,Peacock | Punky Brewster | PG | 2/25 - 3/3,46574880,3/7/21,0,0,0,0.00%,19,0,19,0,0
NBCU Peacock,6004134,USD,Peacock | Punky Brewster | Android/Google TV Homescreen | PG Campaign,17968540,Peacock | Punky Brewster | PG | 2/25 - 3/3,46574880,3/8/21,0,0,0,0.00%,9,0,9,0,0
NBCU Peacock,6004134,USD,Peacock | Punky Brewster | Android/Google TV Homescreen | PG Campaign,17968540,Peacock | Punky Brewster | PG | 2/25 - 3/3,46574880,3/9/21,0,0,0,0.00%,16,0,16,0,0
NBCU Peacock,6004134,USD,Peacock | Punky Brewster | Android/Google TV Homescreen | PG Campaign,17968540,Peacock | Punky Brewster | PG | 2/25 - 3/3,46574880,3/10/21,0,0,0,0.00%,17,0,17,0,0
NBCU Peacock,6004134,USD,Peacock | Punky Brewster | Android/Google TV Homescreen | PG Campaign,17968540,Peacock | Punky Brewster | PG | 2/25 - 3/3,46574880,3/11/21,0,0,0,0.00%,10,0,10,0,0
NBCU Peacock,6004134,USD,Peacock | Punky Brewster | Android/Google TV Homescreen | PG Campaign,17968540,Peacock | Punky Brewster | PG | 2/25 - 3/3,46574880,3/12/21,0,0,0,0.00%,16,0,16,0,0
NBCU Peacock,6004134,USD,Peacock | Punky Brewster | Android/Google TV Homescreen | PG Campaign,17968540,Peacock | Punky Brewster | PG | 2/25 - 3/3,46574880,3/13/21,0,0,0,0.00%,20,0,20,0,0
NBCU Peacock,6004134,USD,Peacock | Punky Brewster | Android/Google TV Homescreen | PG Campaign,17968540,Peacock | Punky Brewster | PG | 2/25 - 3/3,46574880,3/14/21,0,0,0,0.00%,17,0,17,0,0
NBCU Peacock,6004134,USD,Peacock | Punky Brewster | Android/Google TV Homescreen | PG Campaign,17968540,Peacock | Punky Brewster | PG | 2/25 - 3/3,46574880,3/15/21,0,0,0,0.00%,3,0,3,0,0
NBCU Peacock,6004134,USD,Peacock | Punky Brewster | Android/Google TV Homescreen | PG Campaign,17968540,Peacock | Punky Brewster | PG | 2/25 - 3/3,46574880,3/16/21,0,0,0,0.00%,3,0,3,0,0
NBCU Peacock,6004134,USD,Peacock | Punky Brewster | Android/Google TV Homescreen | PG Campaign,17968540,Peacock | Punky Brewster | PG | 2/25 - 3/3,46574880,3/17/21,0,0,0,0.00%,2,0,2,0,0
NBCU Peacock,6004134,USD,Peacock | Punky Brewster | Android/Google TV Homescreen | PG Campaign,17968540,Peacock | Punky Brewster | PG | 2/25 - 3/3,46574880,3/18/21,0,0,0,0.00%,2,0,2,0,0