Date,Device,Vehicle,Spend,WeekOfYear
2021-01-04,Vizio,Vizio,2952.38,1
2021-01-05,Vizio,Vizio,2952.38,1
2021-01-06,Vizio,Vizio,2952.38,1
2021-01-07,Vizio,Vizio,2952.38,1
2021-01-08,Vizio,Vizio,2952.38,1
2021-01-09,Vizio,Vizio,2952.38,1
2021-01-10,Vizio,Vizio,2952.38,1
2021-01-11,Vizio,Vizio,2952.38,2
2021-01-12,Vizio,Vizio,2952.38,2
2021-01-13,Vizio,Vizio,2952.38,2
2021-01-14,Vizio,Vizio,2952.38,2
2021-01-15,Vizio,Vizio,2952.38,2
2021-01-16,Vizio,Vizio,2952.38,2
2021-01-17,Vizio,Vizio,2952.38,2
2021-01-18,Vizio,Vizio,2952.38,3
2021-01-19,Vizio,Vizio,2952.38,3
2021-01-20,Vizio,Vizio,2952.38,3
2021-01-21,Vizio,Vizio,2952.38,3
2021-01-22,Vizio,Vizio,2952.38,3
2021-01-23,Vizio,Vizio,2952.38,3
2021-01-24,Vizio,Vizio,2952.38,3
2021-01-25,Vizio,Vizio,2952.38,4
2021-01-26,Vizio,Vizio,2952.38,4
2021-01-27,Vizio,Vizio,2952.38,4
2021-01-28,Vizio,Vizio,2952.38,4
2021-01-29,Vizio,Vizio,2952.38,4
2021-01-30,Vizio,Vizio,2952.38,4
2021-01-31,Vizio,Vizio,2952.38,4
2021-02-01,Vizio,Vizio Modern Family Hero TO,5357.14,5
2021-02-01,Vizio,Vizio,3333.33,5
2021-02-02,Vizio,Vizio Modern Family Hero TO,5357.14,5
2021-02-02,Vizio,Vizio,3333.33,5
2021-02-03,Vizio,Vizio Modern Family Hero TO,5357.14,5
2021-02-03,Vizio,Vizio,3333.33,5
2021-02-04,Vizio,Vizio Modern Family Hero TO,5357.14,5
2021-02-04,Vizio,Vizio,3333.33,5
2021-02-05,Vizio,Vizio Modern Family Hero TO,5357.14,5
2021-02-05,Vizio,Vizio,3333.33,5
2021-02-06,Vizio,Vizio,3333.33,5
2021-02-06,Vizio,Vizio Modern Family Hero TO,5357.14,5
2021-02-07,Vizio,Vizio Modern Family Hero TO,5357.14,5
2021-02-07,Vizio,Vizio,3333.33,5
2021-02-08,Vizio,Vizio Modern Family Hero TO,5357.14,6
2021-02-08,Vizio,Vizio,3333.33,6
2021-02-09,Vizio,Vizio,3333.33,6
2021-02-09,Vizio,Vizio Modern Family Hero TO,5357.14,6
2021-02-10,Vizio,Vizio,3333.33,6
2021-02-10,Vizio,Vizio Modern Family Hero TO,5357.14,6
2021-02-11,Vizio,Vizio,3333.33,6
2021-02-11,Vizio,Vizio Modern Family Hero TO,5357.14,6
2021-02-12,Vizio,Vizio Modern Family Hero TO,5357.14,6
2021-02-12,Vizio,Vizio,3333.33,6
2021-02-13,Vizio,Vizio,3333.33,6
2021-02-13,Vizio,Vizio Modern Family Hero TO,5357.14,6
2021-02-14,Vizio,Vizio,3333.33,6
2021-02-14,Vizio,Vizio Modern Family Hero TO,5357.14,6
2021-02-15,Vizio,Vizio,3333.33,7
2021-02-15,Vizio,Vizio Modern Family Hero TO,5357.14,7
2021-02-16,Vizio,Vizio,3333.33,7
2021-02-16,Vizio,Vizio Modern Family Hero TO,5357.14,7
2021-02-17,Vizio,Vizio,3333.33,7
2021-02-17,Vizio,Vizio Modern Family Hero TO,5357.14,7
2021-02-18,Vizio,Vizio,3333.33,7
2021-02-18,Vizio,Vizio Modern Family Hero TO,5357.14,7
2021-02-19,Vizio,Vizio,3333.33,7
2021-02-19,Vizio,Vizio Modern Family Hero TO,5357.14,7
2021-02-20,Vizio,Vizio Modern Family Hero TO,5357.14,7
2021-02-20,Vizio,Vizio,3333.33,7
2021-02-21,Vizio,Vizio Modern Family Hero TO,5357.14,7
2021-02-21,Vizio,Vizio,3333.33,7
2021-02-22,Vizio,Vizio,3333.33,8
2021-02-22,Vizio,Vizio Modern Family Hero TO,5357.14,8
2021-02-23,Vizio,Vizio Modern Family Hero TO,5357.14,8
2021-02-23,Vizio,Vizio,3333.33,8
2021-02-24,Vizio,Vizio,3333.33,8
2021-02-24,Vizio,Vizio Modern Family Hero TO,5357.14,8
2021-02-25,Vizio,Vizio,3333.33,8
2021-02-25,Vizio,Vizio Modern Family Hero TO,5357.14,8
2021-02-26,Vizio,Vizio Modern Family Hero TO,5357.14,8
2021-02-26,Vizio,Vizio,3333.33,8
2021-02-27,Vizio,Vizio Modern Family Hero TO,5357.14,8
2021-02-27,Vizio,Vizio,3333.33,8
2021-02-28,Vizio,Vizio,3333.33,8
2021-02-28,Vizio,Vizio Modern Family Hero TO,5357.14,8
2021-03-01,Vizio,Vizio Discover Devil in Disguise ACR,208.33,9
2021-03-01,Vizio,Vizio Hero 1 Takeover,5357.14,9
2021-03-01,Vizio,Vizio Homescreen Hero Devil in Disguise ACR,486.11,9
2021-03-01,Vizio,Vizio Hero 1 Takeover (2),5357.14,9
2021-03-01,Vizio,Vizio Homescreen Hero WWE ACR,2168.37,9
2021-03-01,Vizio,Vizio,3690.48,9
2021-03-02,Vizio,Vizio Hero 1 Takeover,5357.14,9
2021-03-02,Vizio,Vizio Hero 1 Takeover (2),5357.14,9
2021-03-02,Vizio,Vizio Homescreen Hero WWE ACR,2168.37,9
2021-03-02,Vizio,Vizio Homescreen Hero Devil in Disguise ACR,486.11,9
2021-03-02,Vizio,Vizio,3690.48,9
2021-03-02,Vizio,Vizio Discover Devil in Disguise ACR,208.33,9
2021-03-03,Vizio,Vizio Discover Devil in Disguise ACR,208.33,9
2021-03-03,Vizio,Vizio,3690.48,9
2021-03-03,Vizio,Vizio Hero 1 Takeover,5357.14,9
2021-03-03,Vizio,Vizio Hero 1 Takeover (2),5357.14,9
2021-03-03,Vizio,Vizio Homescreen Hero Devil in Disguise ACR,486.11,9
2021-03-03,Vizio,Vizio Homescreen Hero WWE ACR,2168.37,9
2021-03-04,Vizio,Vizio Hero 1 Takeover,5357.14,9
2021-03-04,Vizio,Vizio Homescreen Hero Devil in Disguise ACR,486.11,9
2021-03-04,Vizio,Vizio Hero 1 Takeover (2),5357.14,9
2021-03-04,Vizio,Vizio,3690.48,9
2021-03-04,Vizio,Vizio Homescreen Hero WWE ACR,2168.37,9
2021-03-04,Vizio,Vizio Discover Devil in Disguise ACR,208.33,9
2021-03-05,Vizio,Vizio,3690.48,9
2021-03-05,Vizio,Vizio Hero 1 Takeover (2),5357.14,9
2021-03-05,Vizio,Vizio Homescreen Hero WWE ACR,2168.37,9
2021-03-05,Vizio,Vizio Hero 1 Takeover,5357.14,9
2021-03-05,Vizio,Vizio Discover Devil in Disguise ACR,208.33,9
2021-03-05,Vizio,Vizio Homescreen Hero Devil in Disguise ACR,486.11,9
2021-03-06,Vizio,Vizio Homescreen Hero Devil in Disguise ACR,486.11,9
2021-03-06,Vizio,Vizio Homescreen Hero WWE ACR,2168.37,9
2021-03-06,Vizio,Vizio Hero 1 Takeover,5357.14,9
2021-03-06,Vizio,Vizio,3690.48,9
2021-03-06,Vizio,Vizio Hero 1 Takeover (2),5357.14,9
2021-03-06,Vizio,Vizio Discover Devil in Disguise ACR,208.33,9
2021-03-07,Vizio,Vizio Homescreen Hero Devil in Disguise ACR,486.11,9
2021-03-07,Vizio,Vizio Hero 1 Takeover,5357.14,9
2021-03-07,Vizio,Vizio Discover Devil in Disguise ACR,208.33,9
2021-03-07,Vizio,Vizio,3690.48,9
2021-03-07,Vizio,Vizio Hero 1 Takeover (2),5357.14,9
2021-03-07,Vizio,Vizio Homescreen Hero WWE ACR,2168.37,9
2021-03-08,Vizio,Vizio Homescreen Hero Devil in Disguise ACR,486.11,10
2021-03-08,Vizio,Vizio Hero 1 Takeover,5357.14,10
2021-03-08,Vizio,Vizio,3690.48,10
2021-03-08,Vizio,Vizio Discover Devil in Disguise ACR,208.33,10
2021-03-08,Vizio,Vizio Hero 1 Takeover (2),5357.14,10
2021-03-08,Vizio,Vizio Homescreen Hero WWE ACR,2168.37,10
2021-03-09,Vizio,Vizio Homescreen Hero WWE ACR,2168.37,10
2021-03-09,Vizio,Vizio,3690.48,10
2021-03-09,Vizio,Vizio Hero 1 Takeover,5357.14,10
2021-03-09,Vizio,Vizio Discover Devil in Disguise ACR,208.33,10
2021-03-09,Vizio,Vizio Hero 1 Takeover (2),5357.14,10
2021-03-09,Vizio,Vizio Homescreen Hero Devil in Disguise ACR,486.11,10
2021-03-10,Vizio,Vizio Discover Devil in Disguise ACR,208.33,10
2021-03-10,Vizio,Vizio Homescreen Hero WWE ACR,2168.37,10
2021-03-10,Vizio,Vizio Hero 1 Takeover (2),5357.14,10
2021-03-10,Vizio,Vizio Homescreen Hero Devil in Disguise ACR,486.11,10
2021-03-10,Vizio,Vizio,3690.48,10
2021-03-10,Vizio,Vizio Hero 1 Takeover,5357.14,10
2021-03-11,Vizio,Vizio,3690.48,10
2021-03-11,Vizio,Vizio Homescreen Hero WWE ACR,2168.37,10
2021-03-11,Vizio,Vizio Hero 1 Takeover,5357.14,10
2021-03-11,Vizio,Vizio Discover Devil in Disguise ACR,208.33,10
2021-03-11,Vizio,Vizio Hero 1 Takeover (2),5357.14,10
2021-03-11,Vizio,Vizio Homescreen Hero Devil in Disguise ACR,486.11,10
2021-03-12,Vizio,Vizio Hero 1 Takeover,5357.14,10
2021-03-12,Vizio,Vizio Homescreen Hero Devil in Disguise ACR,486.11,10
2021-03-12,Vizio,Vizio Hero 1 Takeover (2),5357.14,10
2021-03-12,Vizio,Vizio,3690.48,10
2021-03-12,Vizio,Vizio Homescreen Hero WWE ACR,2168.37,10
2021-03-12,Vizio,Vizio Discover Devil in Disguise ACR,208.33,10
2021-03-13,Vizio,Vizio Hero 1 Takeover (2),5357.14,10
2021-03-13,Vizio,Vizio Homescreen Hero WWE ACR,2168.37,10
2021-03-13,Vizio,Vizio Hero 1 Takeover,5357.14,10
2021-03-13,Vizio,Vizio Discover Devil in Disguise ACR,208.33,10
2021-03-13,Vizio,Vizio,3690.48,10
2021-03-13,Vizio,Vizio Homescreen Hero Devil in Disguise ACR,486.11,10
2021-03-14,Vizio,Vizio,3690.48,10
2021-03-14,Vizio,Vizio Homescreen Hero WWE ACR,2168.37,10
2021-03-14,Vizio,Vizio Hero 1 Takeover (2),5357.14,10
2021-03-14,Vizio,Vizio Discover Devil in Disguise ACR,208.33,10
2021-03-14,Vizio,Vizio Homescreen Hero Devil in Disguise ACR,486.11,10
2021-03-14,Vizio,Vizio Hero 1 Takeover,5357.14,10
2021-03-15,Vizio,Vizio Hero 1 Takeover,5357.14,11
2021-03-15,Vizio,Vizio Discover Devil in Disguise ACR,208.33,11
2021-03-15,Vizio,Vizio Hero 1 Takeover (2),5357.14,11
2021-03-15,Vizio,Vizio,3690.48,11
2021-03-15,Vizio,Vizio Homescreen Hero WWE ACR,2168.37,11
2021-03-15,Vizio,Vizio Homescreen Hero Devil in Disguise ACR,486.11,11
2021-03-16,Vizio,Vizio Discover Devil in Disguise ACR,208.33,11
2021-03-16,Vizio,Vizio Hero 1 Takeover (2),5357.14,11
2021-03-16,Vizio,Vizio Hero 1 Takeover,5357.14,11
2021-03-16,Vizio,Vizio,3690.48,11
2021-03-16,Vizio,Vizio Homescreen Hero WWE ACR,2168.37,11
2021-03-16,Vizio,Vizio Homescreen Hero Devil in Disguise ACR,486.11,11
2021-03-17,Vizio,Vizio Homescreen Hero WWE ACR,2168.37,11
2021-03-17,Vizio,Vizio,3690.48,11
2021-03-17,Vizio,Vizio Homescreen Hero Devil in Disguise ACR,486.11,11
2021-03-17,Vizio,Vizio Hero 1 Takeover (2),5357.14,11
2021-03-17,Vizio,Vizio Hero 1 Takeover,5357.14,11
2021-03-17,Vizio,Vizio Discover Devil in Disguise ACR,208.33,11
2021-03-18,Vizio,Vizio Hero 1 Takeover,5357.14,11
2021-03-18,Vizio,Vizio Homescreen Hero Devil in Disguise ACR,486.11,11
2021-03-18,Vizio,Vizio Homescreen Hero WWE ACR,2168.37,11
2021-03-18,Vizio,Vizio,3690.48,11
2021-03-18,Vizio,Vizio Discover Devil in Disguise ACR,208.33,11
2021-03-18,Vizio,Vizio Hero 1 Takeover (2),5357.14,11
2021-03-19,Vizio,Vizio Homescreen Hero Devil in Disguise ACR,486.11,11
2021-03-19,Vizio,Vizio Hero 1 Takeover (2),5357.14,11
2021-03-19,Vizio,Vizio Discover Devil in Disguise ACR,208.33,11
2021-03-19,Vizio,Vizio Homescreen Hero WWE ACR,2168.37,11
2021-03-19,Vizio,Vizio Hero 1 Takeover,5357.14,11
2021-03-19,Vizio,Vizio,3690.48,11
2021-03-20,Vizio,Vizio,3690.48,11
2021-03-20,Vizio,Vizio Hero 1 Takeover,5357.14,11
2021-03-20,Vizio,Vizio Hero 1 Takeover (2),5357.14,11
2021-03-20,Vizio,Vizio Homescreen Hero Devil in Disguise ACR,486.11,11
2021-03-20,Vizio,Vizio Discover Devil in Disguise ACR,208.33,11
2021-03-20,Vizio,Vizio Homescreen Hero WWE ACR,2168.37,11
2021-03-21,Vizio,Vizio Discover Devil in Disguise ACR,208.33,11
2021-03-21,Vizio,Vizio,3690.48,11
2021-03-21,Vizio,Vizio Homescreen Hero WWE ACR,2168.37,11
2021-03-21,Vizio,Vizio Hero 1 Takeover,5357.14,11
2021-03-21,Vizio,Vizio Hero 1 Takeover (2),5357.14,11
2021-03-21,Vizio,Vizio Homescreen Hero Devil in Disguise ACR,486.11,11
2021-03-22,Vizio,Vizio Homescreen Hero Devil in Disguise ACR,486.11,12
2021-03-22,Vizio,Vizio Discover Devil in Disguise ACR,208.33,12
2021-03-22,Vizio,Vizio,3690.48,12
2021-03-22,Vizio,Vizio Hero 1 Takeover,5357.14,12
2021-03-22,Vizio,Vizio Homescreen Hero WWE ACR,2168.37,12
2021-03-22,Vizio,Vizio Hero 1 Takeover (2),5357.14,12
2021-03-23,Vizio,Vizio Discover Devil in Disguise ACR,208.33,12
2021-03-23,Vizio,Vizio Hero 1 Takeover (2),5357.14,12
2021-03-23,Vizio,Vizio Hero 1 Takeover,5357.14,12
2021-03-23,Vizio,Vizio,3690.48,12
2021-03-23,Vizio,Vizio Homescreen Hero Devil in Disguise ACR,486.11,12
2021-03-23,Vizio,Vizio Homescreen Hero WWE ACR,2168.37,12
2021-03-24,Vizio,Vizio Discover Devil in Disguise ACR,208.33,12
2021-03-24,Vizio,Vizio,3690.48,12
2021-03-24,Vizio,Vizio Hero 1 Takeover,5357.14,12
2021-03-24,Vizio,Vizio Hero 1 Takeover (2),5357.14,12
2021-03-24,Vizio,Vizio Homescreen Hero WWE ACR,2168.37,12
2021-03-24,Vizio,Vizio Homescreen Hero Devil in Disguise ACR,486.11,12
2021-03-25,Vizio,Vizio Homescreen Hero WWE ACR,2168.37,12
2021-03-25,Vizio,Vizio Discover Devil in Disguise ACR,208.33,12
2021-03-25,Vizio,Vizio Hero 1 Takeover (2),5357.14,12
2021-03-25,Vizio,Vizio,3690.48,12
2021-03-25,Vizio,Vizio Hero 1 Takeover,5357.14,12
2021-03-25,Vizio,Vizio Homescreen Hero Devil in Disguise ACR,486.11,12
2021-03-26,Vizio,Vizio Homescreen Hero Devil in Disguise ACR,486.11,12
2021-03-26,Vizio,Vizio Homescreen Hero WWE ACR,2168.37,12
2021-03-26,Vizio,Vizio Hero 1 Takeover,5357.14,12
2021-03-26,Vizio,Vizio,3690.48,12
2021-03-26,Vizio,Vizio Hero 1 Takeover (2),5357.14,12
2021-03-26,Vizio,Vizio Discover Devil in Disguise ACR,208.33,12
2021-03-27,Vizio,Vizio Homescreen Hero WWE ACR,2168.37,12
2021-03-27,Vizio,Vizio Hero 1 Takeover (2),5357.14,12
2021-03-27,Vizio,Vizio Discover Devil in Disguise ACR,208.33,12
2021-03-27,Vizio,Vizio Homescreen Hero Devil in Disguise ACR,486.11,12
2021-03-27,Vizio,Vizio,3690.48,12
2021-03-27,Vizio,Vizio Hero 1 Takeover,5357.14,12
2021-03-28,Vizio,Vizio Discover Devil in Disguise ACR,208.33,12
2021-03-28,Vizio,Vizio,3690.48,12
2021-03-28,Vizio,Vizio Hero 1 Takeover (2),5357.14,12
2021-03-28,Vizio,Vizio Homescreen Hero WWE ACR,2168.37,12
2021-03-28,Vizio,Vizio Homescreen Hero Devil in Disguise ACR,486.11,12
2021-03-28,Vizio,Vizio Hero 1 Takeover,5357.14,12
2021-03-29,Vizio,Vizio Discover Devil in Disguise ACR,327.38,13
2021-03-29,Vizio,Vizio Homescreen Hero Rutherford Falls ACR,1276.65,13
2021-03-29,Vizio,Vizio Homescreen Hero WWE ACR,1403.06,13
2021-03-29,Vizio,Vizio Homescreen Hero Awareness,2472.53,13
2021-03-29,Vizio,Vizio Discover Awareness,1059.65,13
2021-03-29,Vizio,Vizio Homescreen Hero Devil in Disguise ACR,763.89,13
2021-03-30,Vizio,Vizio Homescreen Hero Awareness,2472.53,13
2021-03-30,Vizio,Vizio Homescreen Hero Devil in Disguise ACR,763.89,13
2021-03-30,Vizio,Vizio Discover Devil in Disguise ACR,327.38,13
2021-03-30,Vizio,Vizio Homescreen Hero Rutherford Falls ACR,1276.65,13
2021-03-30,Vizio,Vizio Discover Awareness,1059.65,13
2021-03-30,Vizio,Vizio Homescreen Hero WWE ACR,1403.06,13
2021-03-31,Vizio,Vizio Homescreen Hero Devil in Disguise ACR,763.89,13
2021-03-31,Vizio,Vizio Homescreen Hero Awareness,2472.53,13
2021-03-31,Vizio,Vizio Discover Awareness,1059.65,13
2021-03-31,Vizio,Vizio Homescreen Hero WWE ACR,1403.06,13
2021-03-31,Vizio,Vizio Homescreen Hero Rutherford Falls ACR,1276.65,13
2021-03-31,Vizio,Vizio Discover Devil in Disguise ACR,327.38,13
2021-04-01,Vizio,Vizio Homescreen Hero WWE ACR,1403.06,13
2021-04-01,Vizio,Vizio Homescreen Hero Awareness,2472.53,13
2021-04-01,Vizio,Vizio Discover Awareness,1059.65,13
2021-04-01,Vizio,Vizio Discover Devil in Disguise ACR,327.38,13
2021-04-01,Vizio,Vizio Homescreen Hero Rutherford Falls ACR,1276.65,13
2021-04-01,Vizio,Vizio Homescreen Hero Devil in Disguise ACR,763.89,13
2021-04-02,Vizio,Vizio Homescreen Hero Rutherford Falls ACR,1276.65,13
2021-04-02,Vizio,Vizio Homescreen Hero WWE ACR,1403.06,13
2021-04-02,Vizio,Vizio Homescreen Hero Awareness,2472.53,13
2021-04-02,Vizio,Vizio Discover Awareness,1059.65,13
2021-04-02,Vizio,Vizio Homescreen Hero Devil in Disguise ACR,763.89,13
2021-04-02,Vizio,Vizio Discover Devil in Disguise ACR,327.38,13
2021-04-03,Vizio,Vizio Homescreen Hero Devil in Disguise ACR,763.89,13
2021-04-03,Vizio,Vizio Discover Awareness,1059.65,13
2021-04-03,Vizio,Vizio Homescreen Hero WWE ACR,1403.06,13
2021-04-03,Vizio,Vizio Homescreen Hero Rutherford Falls ACR,1276.65,13
2021-04-03,Vizio,Vizio Discover Devil in Disguise ACR,327.38,13
2021-04-03,Vizio,Vizio Homescreen Hero Awareness,2472.53,13
2021-04-04,Vizio,Vizio Homescreen Hero Rutherford Falls ACR,1276.65,13
2021-04-04,Vizio,Vizio Discover Devil in Disguise ACR,327.38,13
2021-04-04,Vizio,Vizio Homescreen Hero Devil in Disguise ACR,763.89,13
2021-04-04,Vizio,Vizio Homescreen Hero Awareness,2472.53,13
2021-04-04,Vizio,Vizio Homescreen Hero WWE ACR,1403.06,13
2021-04-04,Vizio,Vizio Discover Awareness,1059.65,13
2021-04-05,Vizio,Vizio Homescreen Hero Devil in Disguise ACR,763.89,14
2021-04-05,Vizio,Vizio Homescreen Hero WWE ACR,1403.06,14
2021-04-05,Vizio,Vizio Homescreen Hero Rutherford Falls ACR,1276.65,14
2021-04-05,Vizio,Vizio Homescreen Hero Awareness,2472.53,14
2021-04-05,Vizio,Vizio Discover Devil in Disguise ACR,327.38,14
2021-04-05,Vizio,Vizio Discover Awareness,1059.65,14
2021-04-06,Vizio,Vizio Discover Awareness,1059.65,14
2021-04-06,Vizio,Vizio Homescreen Hero Devil in Disguise ACR,763.89,14
2021-04-06,Vizio,Vizio Homescreen Hero WWE ACR,1403.06,14
2021-04-06,Vizio,Vizio Homescreen Hero Rutherford Falls ACR,1276.65,14
2021-04-06,Vizio,Vizio Homescreen Hero Awareness,2472.53,14
2021-04-06,Vizio,Vizio Discover Devil in Disguise ACR,327.38,14
2021-04-07,Vizio,Vizio Homescreen Hero Devil in Disguise ACR,763.89,14
2021-04-07,Vizio,Vizio Homescreen Hero WWE ACR,1403.06,14
2021-04-07,Vizio,Vizio Homescreen Hero Awareness,2472.53,14
2021-04-07,Vizio,Vizio Discover Devil in Disguise ACR,327.38,14
2021-04-07,Vizio,Vizio Homescreen Hero Rutherford Falls ACR,1276.65,14
2021-04-07,Vizio,Vizio Discover Awareness,1059.65,14
2021-04-08,Vizio,Vizio Homescreen Hero Rutherford Falls ACR,1276.65,14
2021-04-08,Vizio,Vizio Homescreen Hero Awareness,2472.53,14
2021-04-08,Vizio,Vizio Homescreen Hero WWE ACR,1403.06,14
2021-04-08,Vizio,Vizio Homescreen Hero Devil in Disguise ACR,763.89,14
2021-04-08,Vizio,Vizio Discover Awareness,1059.65,14
2021-04-08,Vizio,Vizio Discover Devil in Disguise ACR,327.38,14
2021-04-09,Vizio,Vizio Homescreen Hero Rutherford Falls ACR,1276.65,14
2021-04-09,Vizio,Vizio Homescreen Hero Awareness,2472.53,14
2021-04-09,Vizio,Vizio Homescreen Hero WWE ACR,1403.06,14
2021-04-09,Vizio,Vizio Discover Awareness,1059.65,14
2021-04-09,Vizio,Vizio Homescreen Hero Devil in Disguise ACR,763.89,14
2021-04-09,Vizio,Vizio Discover Devil in Disguise ACR,327.38,14
2021-04-10,Vizio,Vizio Homescreen Hero Rutherford Falls ACR,1276.65,14
2021-04-10,Vizio,Vizio Homescreen Hero WWE ACR,1403.06,14
2021-04-10,Vizio,Vizio Homescreen Hero Devil in Disguise ACR,763.89,14
2021-04-10,Vizio,Vizio Discover Devil in Disguise ACR,327.38,14
2021-04-10,Vizio,Vizio Discover Awareness,1059.65,14
2021-04-10,Vizio,Vizio Homescreen Hero Awareness,2472.53,14
2021-04-11,Vizio,Vizio Homescreen Hero WWE ACR,1403.06,14
2021-04-11,Vizio,Vizio Discover Awareness,1059.65,14
2021-04-11,Vizio,Vizio Homescreen Hero Devil in Disguise ACR,763.89,14
2021-04-11,Vizio,Vizio Homescreen Hero Rutherford Falls ACR,1276.65,14
2021-04-11,Vizio,Vizio Discover Devil in Disguise ACR,327.38,14
2021-04-11,Vizio,Vizio Homescreen Hero Awareness,2472.53,14
2021-04-12,Vizio,Vizio Discover Awareness,1059.65,15
2021-04-12,Vizio,Vizio Homescreen Hero WWE ACR,1403.06,15
2021-04-12,Vizio,Vizio Homescreen Hero Rutherford Falls ACR,1276.65,15
2021-04-12,Vizio,Vizio Discover Devil in Disguise ACR,327.38,15
2021-04-12,Vizio,Vizio Homescreen Hero Awareness,2472.53,15
2021-04-12,Vizio,Vizio Homescreen Hero Devil in Disguise ACR,763.89,15
2021-04-13,Vizio,Vizio Homescreen Hero WWE ACR,1403.06,15
2021-04-13,Vizio,Vizio Homescreen Hero Awareness,2472.53,15
2021-04-13,Vizio,Vizio Discover Awareness,1059.65,15
2021-04-13,Vizio,Vizio Homescreen Hero Rutherford Falls ACR,1276.65,15
2021-04-13,Vizio,Vizio Discover Devil in Disguise ACR,327.38,15
2021-04-13,Vizio,Vizio Homescreen Hero Devil in Disguise ACR,763.89,15
2021-04-14,Vizio,Vizio Homescreen Hero Devil in Disguise ACR,763.89,15
2021-04-14,Vizio,Vizio Homescreen Hero WWE ACR,1403.06,15
2021-04-14,Vizio,Vizio Discover Awareness,1059.65,15
2021-04-14,Vizio,Vizio Homescreen Hero Rutherford Falls ACR,1276.65,15
2021-04-14,Vizio,Vizio Homescreen Hero Awareness,2472.53,15
2021-04-14,Vizio,Vizio Discover Devil in Disguise ACR,327.38,15
2021-04-15,Vizio,Vizio Homescreen Hero Rutherford Falls ACR,1276.65,15
2021-04-15,Vizio,Vizio Homescreen Hero Devil in Disguise ACR,763.89,15
2021-04-15,Vizio,Vizio Discover Devil in Disguise ACR,327.38,15
2021-04-15,Vizio,Vizio Homescreen Hero Awareness,2472.53,15
2021-04-15,Vizio,Vizio Discover Awareness,1059.65,15
2021-04-15,Vizio,Vizio Homescreen Hero WWE ACR,1403.06,15
2021-04-16,Vizio,Vizio Homescreen Hero Devil in Disguise ACR,763.89,15
2021-04-16,Vizio,Vizio Discover Awareness,1059.65,15
2021-04-16,Vizio,Vizio Discover Devil in Disguise ACR,327.38,15
2021-04-16,Vizio,Vizio Homescreen Hero Awareness,2472.53,15
2021-04-16,Vizio,Vizio Homescreen Hero WWE ACR,1403.06,15
2021-04-16,Vizio,Vizio Homescreen Hero Rutherford Falls ACR,1276.65,15
2021-04-17,Vizio,Vizio Discover Awareness,1059.65,15
2021-04-17,Vizio,Vizio Homescreen Hero Devil in Disguise ACR,763.89,15
2021-04-17,Vizio,Vizio Homescreen Hero Awareness,2472.53,15
2021-04-17,Vizio,Vizio Homescreen Hero Rutherford Falls ACR,1276.65,15
2021-04-17,Vizio,Vizio Discover Devil in Disguise ACR,327.38,15
2021-04-17,Vizio,Vizio Homescreen Hero WWE ACR,1403.06,15
2021-04-18,Vizio,Vizio Homescreen Hero WWE ACR,1403.06,15
2021-04-18,Vizio,Vizio Discover Devil in Disguise ACR,327.38,15
2021-04-18,Vizio,Vizio Homescreen Hero Rutherford Falls ACR,1276.65,15
2021-04-18,Vizio,Vizio Homescreen Hero Awareness,2472.53,15
2021-04-18,Vizio,Vizio Homescreen Hero Devil in Disguise ACR,763.89,15
2021-04-18,Vizio,Vizio Discover Awareness,1059.65,15
2021-04-19,Vizio,Vizio Homescreen Hero WWE ACR,1403.06,16
2021-04-19,Vizio,Vizio Homescreen Hero Rutherford Falls ACR,1276.65,16
2021-04-19,Vizio,Vizio Discover Devil in Disguise ACR,327.38,16
2021-04-19,Vizio,Vizio Homescreen Hero Awareness,2472.53,16
2021-04-19,Vizio,Vizio Homescreen Hero Devil in Disguise ACR,763.89,16
2021-04-19,Vizio,Vizio Discover Awareness,1059.65,16
2021-04-20,Vizio,Vizio Homescreen Hero Awareness,2472.53,16
2021-04-20,Vizio,Vizio Discover Awareness,1059.65,16
2021-04-20,Vizio,Vizio Homescreen Hero Devil in Disguise ACR,763.89,16
2021-04-20,Vizio,Vizio Homescreen Hero Rutherford Falls ACR,1276.65,16
2021-04-20,Vizio,Vizio Homescreen Hero WWE ACR,1403.06,16
2021-04-20,Vizio,Vizio Discover Devil in Disguise ACR,327.38,16
2021-04-21,Vizio,Vizio Homescreen Hero Devil in Disguise ACR,763.89,16
2021-04-21,Vizio,Vizio Homescreen Hero WWE ACR,1403.06,16
2021-04-21,Vizio,Vizio Homescreen Hero Rutherford Falls ACR,1276.65,16
2021-04-21,Vizio,Vizio Discover Devil in Disguise ACR,327.38,16
2021-04-21,Vizio,Vizio Homescreen Hero Awareness,2472.53,16
2021-04-21,Vizio,Vizio Discover Awareness,1059.65,16
2021-04-22,Vizio,Vizio Homescreen Hero Awareness,2472.53,16
2021-04-22,Vizio,Vizio Homescreen Hero Rutherford Falls ACR,1276.65,16
2021-04-22,Vizio,Vizio Discover Devil in Disguise ACR,327.38,16
2021-04-22,Vizio,Vizio Discover Awareness,1059.65,16
2021-04-22,Vizio,Vizio Homescreen Hero Devil in Disguise ACR,763.89,16
2021-04-22,Vizio,Vizio Homescreen Hero WWE ACR,1403.06,16
2021-04-23,Vizio,Vizio Discover Devil in Disguise ACR,327.38,16
2021-04-23,Vizio,Vizio Homescreen Hero Rutherford Falls ACR,1276.65,16
2021-04-23,Vizio,Vizio Homescreen Hero Awareness,2472.53,16
2021-04-23,Vizio,Vizio Discover Awareness,1059.65,16
2021-04-23,Vizio,Vizio Homescreen Hero WWE ACR,1403.06,16
2021-04-23,Vizio,Vizio Homescreen Hero Devil in Disguise ACR,763.89,16
2021-04-24,Vizio,Vizio Homescreen Hero Awareness,2472.53,16
2021-04-24,Vizio,Vizio Homescreen Hero WWE ACR,1403.06,16
2021-04-24,Vizio,Vizio Discover Devil in Disguise ACR,327.38,16
2021-04-24,Vizio,Vizio Homescreen Hero Devil in Disguise ACR,763.89,16
2021-04-24,Vizio,Vizio Discover Awareness,1059.65,16
2021-04-24,Vizio,Vizio Homescreen Hero Rutherford Falls ACR,1276.65,16
2021-04-25,Vizio,Vizio Discover Awareness,1059.65,16
2021-04-25,Vizio,Vizio Homescreen Hero WWE ACR,1403.06,16
2021-04-25,Vizio,Vizio Homescreen Hero Devil in Disguise ACR,763.89,16
2021-04-25,Vizio,Vizio Homescreen Hero Awareness,2472.53,16
2021-04-25,Vizio,Vizio Homescreen Hero Rutherford Falls ACR,1276.65,16
2021-04-25,Vizio,Vizio Discover Devil in Disguise ACR,327.38,16
2021-04-26,Vizio,Vizio Homescreen Hero Rotational ACR,1500.0,17
2021-04-26,Vizio,Vizio Homescreen Hero WWE ACR,714.29,17
2021-04-26,Vizio,Vizio Homescreen Hero Girls5Eva ACR,2000.0,17
2021-04-26,Vizio,Vizio Homescreen Hero Awareness,2043.96,17
2021-04-26,Vizio,Vizio Homescreen Hero Intergalactic ACR,1000.0,17
2021-04-26,Vizio,Vizio Discover Awareness,875.98,17
2021-04-26,Vizio,Vizio Discover Rotational ACR,642.86,17
2021-04-26,Vizio,Vizio Homescreen Hero Rutherford Falls ACR,935.92,17
2021-04-26,Vizio,Vizio Discover Girls5Eva ACR,857.14,17
2021-04-26,Vizio,Vizio Discover Intergalactic ACR,428.57,17
2021-04-27,Vizio,Vizio Homescreen Hero Rotational ACR,1500.0,17
2021-04-27,Vizio,Vizio Homescreen Hero WWE ACR,714.29,17
2021-04-27,Vizio,Vizio Discover Girls5Eva ACR,857.14,17
2021-04-27,Vizio,Vizio Discover Intergalactic ACR,428.57,17
2021-04-27,Vizio,Vizio Discover Awareness,875.98,17
2021-04-27,Vizio,Vizio Discover Rotational ACR,642.86,17
2021-04-27,Vizio,Vizio Homescreen Hero Intergalactic ACR,1000.0,17
2021-04-27,Vizio,Vizio Homescreen Hero Awareness,2043.96,17
2021-04-27,Vizio,Vizio Homescreen Hero Girls5Eva ACR,2000.0,17
2021-04-27,Vizio,Vizio Homescreen Hero Rutherford Falls ACR,935.92,17
2021-04-28,Vizio,Vizio Homescreen Hero Awareness,2043.96,17
2021-04-28,Vizio,Vizio Homescreen Hero Rotational ACR,1500.0,17
2021-04-28,Vizio,Vizio Discover Girls5Eva ACR,857.14,17
2021-04-28,Vizio,Vizio Homescreen Hero WWE ACR,714.29,17
2021-04-28,Vizio,Vizio Homescreen Hero Intergalactic ACR,1000.0,17
2021-04-28,Vizio,Vizio Homescreen Hero Rutherford Falls ACR,935.92,17
2021-04-28,Vizio,Vizio Discover Awareness,875.98,17
2021-04-28,Vizio,Vizio Homescreen Hero Girls5Eva ACR,2000.0,17
2021-04-28,Vizio,Vizio Discover Rotational ACR,642.86,17
2021-04-28,Vizio,Vizio Discover Intergalactic ACR,428.57,17
2021-04-29,Vizio,Vizio Discover Rotational ACR,642.86,17
2021-04-29,Vizio,Vizio Homescreen Hero WWE ACR,714.29,17
2021-04-29,Vizio,Vizio Discover Girls5Eva ACR,857.14,17
2021-04-29,Vizio,Vizio Homescreen Hero Intergalactic ACR,1000.0,17
2021-04-29,Vizio,Vizio Homescreen Hero Rotational ACR,1500.0,17
2021-04-29,Vizio,Vizio Discover Awareness,875.98,17
2021-04-29,Vizio,Vizio Homescreen Hero Girls5Eva ACR,2000.0,17
2021-04-29,Vizio,Vizio Homescreen Hero Awareness,2043.96,17
2021-04-29,Vizio,Vizio Discover Intergalactic ACR,428.57,17
2021-04-29,Vizio,Vizio Homescreen Hero Rutherford Falls ACR,935.92,17
2021-04-30,Vizio,Vizio Discover Girls5Eva ACR,857.14,17
2021-04-30,Vizio,Vizio Homescreen Hero Rotational ACR,1500.0,17
2021-04-30,Vizio,Vizio Discover Awareness,875.98,17
2021-04-30,Vizio,Vizio Homescreen Hero Rutherford Falls ACR,935.92,17
2021-04-30,Vizio,Vizio Discover Intergalactic ACR,428.57,17
2021-04-30,Vizio,Vizio Homescreen Hero Girls5Eva ACR,2000.0,17
2021-04-30,Vizio,Vizio Homescreen Hero Intergalactic ACR,1000.0,17
2021-04-30,Vizio,Vizio Homescreen Hero WWE ACR,714.29,17
2021-04-30,Vizio,Vizio Homescreen Hero Awareness,2043.96,17
2021-04-30,Vizio,Vizio Discover Rotational ACR,642.86,17
2021-05-01,Vizio,Vizio Homescreen Hero Intergalactic ACR,1000.0,17
2021-05-01,Vizio,Vizio Discover Intergalactic ACR,428.57,17
2021-05-01,Vizio,Vizio Discover Awareness,875.98,17
2021-05-01,Vizio,Vizio Discover Rotational ACR,642.86,17
2021-05-01,Vizio,Vizio Homescreen Hero Rutherford Falls ACR,935.92,17
2021-05-01,Vizio,Vizio Homescreen Hero Girls5Eva ACR,2000.0,17
2021-05-01,Vizio,Vizio Homescreen Hero Rotational ACR,1500.0,17
2021-05-01,Vizio,Vizio Homescreen Hero Awareness,2043.96,17
2021-05-01,Vizio,Vizio Discover Girls5Eva ACR,857.14,17
2021-05-01,Vizio,Vizio Homescreen Hero WWE ACR,714.29,17
2021-05-02,Vizio,Vizio Homescreen Hero WWE ACR,714.29,17
2021-05-02,Vizio,Vizio Homescreen Hero Rutherford Falls ACR,935.92,17
2021-05-02,Vizio,Vizio Discover Intergalactic ACR,428.57,17
2021-05-02,Vizio,Vizio Homescreen Hero Intergalactic ACR,1000.0,17
2021-05-02,Vizio,Vizio Discover Girls5Eva ACR,857.14,17
2021-05-02,Vizio,Vizio Homescreen Hero Girls5Eva ACR,2000.0,17
2021-05-02,Vizio,Vizio Homescreen Hero Awareness,2043.96,17
2021-05-02,Vizio,Vizio Discover Awareness,875.98,17
2021-05-02,Vizio,Vizio Discover Rotational ACR,642.86,17
2021-05-02,Vizio,Vizio Homescreen Hero Rotational ACR,1500.0,17
2021-05-03,Vizio,Vizio Homescreen Hero Awareness,2043.96,18
2021-05-03,Vizio,Vizio Discover Intergalactic ACR,428.57,18
2021-05-03,Vizio,Vizio Discover Girls5Eva ACR,857.14,18
2021-05-03,Vizio,Vizio Homescreen Hero WWE ACR,714.29,18
2021-05-03,Vizio,Vizio Discover Awareness,875.98,18
2021-05-03,Vizio,Vizio Discover Rotational ACR,642.86,18
2021-05-03,Vizio,Vizio Homescreen Hero Girls5Eva ACR,2000.0,18
2021-05-03,Vizio,Vizio Homescreen Hero Rutherford Falls ACR,935.92,18
2021-05-03,Vizio,Vizio Homescreen Hero Intergalactic ACR,1000.0,18
2021-05-03,Vizio,Vizio Homescreen Hero Rotational ACR,1500.0,18
2021-05-04,Vizio,Vizio Homescreen Hero Girls5Eva ACR,2000.0,18
2021-05-04,Vizio,Vizio Discover Rotational ACR,642.86,18
2021-05-04,Vizio,Vizio Homescreen Hero WWE ACR,714.29,18
2021-05-04,Vizio,Vizio Homescreen Hero Rutherford Falls ACR,935.92,18
2021-05-04,Vizio,Vizio Homescreen Hero Rotational ACR,1500.0,18
2021-05-04,Vizio,Vizio Discover Awareness,875.98,18
2021-05-04,Vizio,Vizio Homescreen Hero Awareness,2043.96,18
2021-05-04,Vizio,Vizio Discover Girls5Eva ACR,857.14,18
2021-05-04,Vizio,Vizio Discover Intergalactic ACR,428.57,18
2021-05-04,Vizio,Vizio Homescreen Hero Intergalactic ACR,1000.0,18
2021-05-05,Vizio,Vizio Discover Awareness,875.98,18
2021-05-05,Vizio,Vizio Homescreen Hero Awareness,2043.96,18
2021-05-05,Vizio,Vizio Discover Intergalactic ACR,428.57,18
2021-05-05,Vizio,Vizio Discover Rotational ACR,642.86,18
2021-05-05,Vizio,Vizio Homescreen Hero Rutherford Falls ACR,935.92,18
2021-05-05,Vizio,Vizio Homescreen Hero WWE ACR,714.29,18
2021-05-05,Vizio,Vizio Homescreen Hero Rotational ACR,1500.0,18
2021-05-05,Vizio,Vizio Discover Girls5Eva ACR,857.14,18
2021-05-05,Vizio,Vizio Homescreen Hero Intergalactic ACR,1000.0,18
2021-05-05,Vizio,Vizio Homescreen Hero Girls5Eva ACR,2000.0,18
2021-05-06,Vizio,Vizio Homescreen Hero Awareness,2043.96,18
2021-05-06,Vizio,Vizio Homescreen Hero WWE ACR,714.29,18
2021-05-06,Vizio,Vizio Homescreen Hero Rotational ACR,1500.0,18
2021-05-06,Vizio,Vizio Discover Intergalactic ACR,428.57,18
2021-05-06,Vizio,Vizio Homescreen Hero Intergalactic ACR,1000.0,18
2021-05-06,Vizio,Vizio Discover Awareness,875.98,18
2021-05-06,Vizio,Vizio Discover Rotational ACR,642.86,18
2021-05-06,Vizio,Vizio Homescreen Hero Girls5Eva ACR,2000.0,18
2021-05-06,Vizio,Vizio Discover Girls5Eva ACR,857.14,18
2021-05-06,Vizio,Vizio Homescreen Hero Rutherford Falls ACR,935.92,18
2021-05-07,Vizio,Vizio Discover Awareness,875.98,18
2021-05-07,Vizio,Vizio Homescreen Hero Awareness,2043.96,18
2021-05-07,Vizio,Vizio Discover Intergalactic ACR,428.57,18
2021-05-07,Vizio,Vizio Discover Girls5Eva ACR,857.14,18
2021-05-07,Vizio,Vizio Homescreen Hero Rotational ACR,1500.0,18
2021-05-07,Vizio,Vizio Homescreen Hero WWE ACR,714.29,18
2021-05-07,Vizio,Vizio Homescreen Hero Girls5Eva ACR,2000.0,18
2021-05-07,Vizio,Vizio Homescreen Hero Intergalactic ACR,1000.0,18
2021-05-07,Vizio,Vizio Homescreen Hero Rutherford Falls ACR,935.92,18
2021-05-07,Vizio,Vizio Discover Rotational ACR,642.86,18
2021-05-08,Vizio,Vizio Discover Awareness,875.98,18
2021-05-08,Vizio,Vizio Discover Intergalactic ACR,428.57,18
2021-05-08,Vizio,Vizio Discover Rotational ACR,642.86,18
2021-05-08,Vizio,Vizio Homescreen Hero Girls5Eva ACR,2000.0,18
2021-05-08,Vizio,Vizio Homescreen Hero Rutherford Falls ACR,935.92,18
2021-05-08,Vizio,Vizio Homescreen Hero Intergalactic ACR,1000.0,18
2021-05-08,Vizio,Vizio Homescreen Hero Awareness,2043.96,18
2021-05-08,Vizio,Vizio Homescreen Hero WWE ACR,714.29,18
2021-05-08,Vizio,Vizio Discover Girls5Eva ACR,857.14,18
2021-05-08,Vizio,Vizio Homescreen Hero Rotational ACR,1500.0,18
2021-05-09,Vizio,Vizio Discover Awareness,875.98,18
2021-05-09,Vizio,Vizio Discover Girls5Eva ACR,857.14,18
2021-05-09,Vizio,Vizio Homescreen Hero Intergalactic ACR,1000.0,18
2021-05-09,Vizio,Vizio Homescreen Hero WWE ACR,714.29,18
2021-05-09,Vizio,Vizio Discover Rotational ACR,642.86,18
2021-05-09,Vizio,Vizio Homescreen Hero Rotational ACR,1500.0,18
2021-05-09,Vizio,Vizio Homescreen Hero Girls5Eva ACR,2000.0,18
2021-05-09,Vizio,Vizio Homescreen Hero Rutherford Falls ACR,935.92,18
2021-05-09,Vizio,Vizio Homescreen Hero Awareness,2043.96,18
2021-05-09,Vizio,Vizio Discover Intergalactic ACR,428.57,18
2021-05-10,Vizio,Vizio Homescreen Hero Girls5Eva ACR,2000.0,19
2021-05-10,Vizio,Vizio Homescreen Hero Intergalactic ACR,1000.0,19
2021-05-10,Vizio,Vizio Discover Intergalactic ACR,428.57,19
2021-05-10,Vizio,Vizio Homescreen Hero Awareness,2043.96,19
2021-05-10,Vizio,Vizio Homescreen Hero WWE ACR,714.29,19
2021-05-10,Vizio,Vizio Discover Awareness,875.98,19
2021-05-10,Vizio,Vizio Discover Rotational ACR,642.86,19
2021-05-10,Vizio,Vizio Discover Girls5Eva ACR,857.14,19
2021-05-10,Vizio,Vizio Homescreen Hero Rotational ACR,1500.0,19
2021-05-10,Vizio,Vizio Homescreen Hero Rutherford Falls ACR,935.92,19
2021-05-11,Vizio,Vizio Discover Girls5Eva ACR,857.14,19
2021-05-11,Vizio,Vizio Homescreen Hero Rutherford Falls ACR,935.92,19
2021-05-11,Vizio,Vizio Homescreen Hero Girls5Eva ACR,2000.0,19
2021-05-11,Vizio,Vizio Homescreen Hero Intergalactic ACR,1000.0,19
2021-05-11,Vizio,Vizio Discover Awareness,875.98,19
2021-05-11,Vizio,Vizio Homescreen Hero Awareness,2043.96,19
2021-05-11,Vizio,Vizio Discover Intergalactic ACR,428.57,19
2021-05-11,Vizio,Vizio Discover Rotational ACR,642.86,19
2021-05-11,Vizio,Vizio Homescreen Hero Rotational ACR,1500.0,19
2021-05-11,Vizio,Vizio Homescreen Hero WWE ACR,714.29,19
2021-05-12,Vizio,Vizio Homescreen Hero Rutherford Falls ACR,935.92,19
2021-05-12,Vizio,Vizio Discover Intergalactic ACR,428.57,19
2021-05-12,Vizio,Vizio Discover Rotational ACR,642.86,19
2021-05-12,Vizio,Vizio Homescreen Hero WWE ACR,714.29,19
2021-05-12,Vizio,Vizio Discover Girls5Eva ACR,857.14,19
2021-05-12,Vizio,Vizio Homescreen Hero Intergalactic ACR,1000.0,19
2021-05-12,Vizio,Vizio Homescreen Hero Awareness,2043.96,19
2021-05-12,Vizio,Vizio Discover Awareness,875.98,19
2021-05-12,Vizio,Vizio Homescreen Hero Girls5Eva ACR,2000.0,19
2021-05-12,Vizio,Vizio Homescreen Hero Rotational ACR,1500.0,19
2021-05-13,Vizio,Vizio Discover Girls5Eva ACR,857.14,19
2021-05-13,Vizio,Vizio Homescreen Hero Rutherford Falls ACR,935.92,19
2021-05-13,Vizio,Vizio Homescreen Hero Intergalactic ACR,1000.0,19
2021-05-13,Vizio,Vizio Discover Awareness,875.98,19
2021-05-13,Vizio,Vizio Discover Rotational ACR,642.86,19
2021-05-13,Vizio,Vizio Homescreen Hero Awareness,2043.96,19
2021-05-13,Vizio,Vizio Discover Intergalactic ACR,428.57,19
2021-05-13,Vizio,Vizio Homescreen Hero Girls5Eva ACR,2000.0,19
2021-05-13,Vizio,Vizio Homescreen Hero WWE ACR,714.29,19
2021-05-13,Vizio,Vizio Homescreen Hero Rotational ACR,1500.0,19
2021-05-14,Vizio,Vizio Homescreen Hero Rotational ACR,1500.0,19
2021-05-14,Vizio,Vizio Discover Girls5Eva ACR,857.14,19
2021-05-14,Vizio,Vizio Homescreen Hero WWE ACR,714.29,19
2021-05-14,Vizio,Vizio Homescreen Hero Intergalactic ACR,1000.0,19
2021-05-14,Vizio,Vizio Discover Intergalactic ACR,428.57,19
2021-05-14,Vizio,Vizio Homescreen Hero Awareness,2043.96,19
2021-05-14,Vizio,Vizio Discover Awareness,875.98,19
2021-05-14,Vizio,Vizio Homescreen Hero Rutherford Falls ACR,935.92,19
2021-05-14,Vizio,Vizio Homescreen Hero Girls5Eva ACR,2000.0,19
2021-05-14,Vizio,Vizio Discover Rotational ACR,642.86,19
2021-05-15,Vizio,Vizio Discover Awareness,875.98,19
2021-05-15,Vizio,Vizio Homescreen Hero WWE ACR,714.29,19
2021-05-15,Vizio,Vizio Homescreen Hero Girls5Eva ACR,2000.0,19
2021-05-15,Vizio,Vizio Homescreen Hero Intergalactic ACR,1000.0,19
2021-05-15,Vizio,Vizio Homescreen Hero Rotational ACR,1500.0,19
2021-05-15,Vizio,Vizio Discover Rotational ACR,642.86,19
2021-05-15,Vizio,Vizio Homescreen Hero Rutherford Falls ACR,935.92,19
2021-05-15,Vizio,Vizio Discover Girls5Eva ACR,857.14,19
2021-05-15,Vizio,Vizio Discover Intergalactic ACR,428.57,19
2021-05-15,Vizio,Vizio Homescreen Hero Awareness,2043.96,19
2021-05-16,Vizio,Vizio Discover Intergalactic ACR,428.57,19
2021-05-16,Vizio,Vizio Homescreen Hero Awareness,2043.96,19
2021-05-16,Vizio,Vizio Discover Awareness,875.98,19
2021-05-16,Vizio,Vizio Homescreen Hero Rutherford Falls ACR,935.92,19
2021-05-16,Vizio,Vizio Homescreen Hero WWE ACR,714.29,19
2021-05-16,Vizio,Vizio Homescreen Hero Intergalactic ACR,1000.0,19
2021-05-16,Vizio,Vizio Discover Girls5Eva ACR,857.14,19
2021-05-16,Vizio,Vizio Homescreen Hero Girls5Eva ACR,2000.0,19
2021-05-16,Vizio,Vizio Homescreen Hero Rotational ACR,1500.0,19
2021-05-16,Vizio,Vizio Discover Rotational ACR,642.86,19
2021-05-17,Vizio,Vizio Discover Intergalactic ACR,428.57,20
2021-05-17,Vizio,Vizio Discover Awareness,875.98,20
2021-05-17,Vizio,Vizio Homescreen Hero Girls5Eva ACR,2000.0,20
2021-05-17,Vizio,Vizio Homescreen Hero Rotational ACR,1500.0,20
2021-05-17,Vizio,Vizio Homescreen Hero Rutherford Falls ACR,935.92,20
2021-05-17,Vizio,Vizio Homescreen Hero Awareness,2043.96,20
2021-05-17,Vizio,Vizio Homescreen Hero WWE ACR,714.29,20
2021-05-17,Vizio,Vizio Discover Rotational ACR,642.86,20
2021-05-17,Vizio,Vizio Discover Girls5Eva ACR,857.14,20
2021-05-17,Vizio,Vizio Homescreen Hero Intergalactic ACR,1000.0,20
2021-05-18,Vizio,Vizio Homescreen Hero Girls5Eva ACR,2000.0,20
2021-05-18,Vizio,Vizio Homescreen Hero WWE ACR,714.29,20
2021-05-18,Vizio,Vizio Discover Intergalactic ACR,428.57,20
2021-05-18,Vizio,Vizio Homescreen Hero Intergalactic ACR,1000.0,20
2021-05-18,Vizio,Vizio Homescreen Hero Rutherford Falls ACR,935.92,20
2021-05-18,Vizio,Vizio Homescreen Hero Awareness,2043.96,20
2021-05-18,Vizio,Vizio Discover Rotational ACR,642.86,20
2021-05-18,Vizio,Vizio Discover Awareness,875.98,20
2021-05-18,Vizio,Vizio Homescreen Hero Rotational ACR,1500.0,20
2021-05-18,Vizio,Vizio Discover Girls5Eva ACR,857.14,20
2021-05-19,Vizio,Vizio Homescreen Hero Rotational ACR,1500.0,20
2021-05-19,Vizio,Vizio Homescreen Hero Rutherford Falls ACR,935.92,20
2021-05-19,Vizio,Vizio Discover Intergalactic ACR,428.57,20
2021-05-19,Vizio,Vizio Discover Rotational ACR,642.86,20
2021-05-19,Vizio,Vizio Homescreen Hero Girls5Eva ACR,2000.0,20
2021-05-19,Vizio,Vizio Discover Awareness,875.98,20
2021-05-19,Vizio,Vizio Homescreen Hero Awareness,2043.96,20
2021-05-19,Vizio,Vizio Homescreen Hero Intergalactic ACR,1000.0,20
2021-05-19,Vizio,Vizio Homescreen Hero WWE ACR,714.29,20
2021-05-19,Vizio,Vizio Discover Girls5Eva ACR,857.14,20
2021-05-20,Vizio,Vizio Discover Awareness,875.98,20
2021-05-20,Vizio,Vizio Discover Rotational ACR,642.86,20
2021-05-20,Vizio,Vizio Homescreen Hero WWE ACR,714.29,20
2021-05-20,Vizio,Vizio Discover Intergalactic ACR,428.57,20
2021-05-20,Vizio,Vizio Homescreen Hero Rutherford Falls ACR,935.92,20
2021-05-20,Vizio,Vizio Homescreen Hero Rotational ACR,1500.0,20
2021-05-20,Vizio,Vizio Discover Girls5Eva ACR,857.14,20
2021-05-20,Vizio,Vizio Homescreen Hero Awareness,2043.96,20
2021-05-20,Vizio,Vizio Homescreen Hero Intergalactic ACR,1000.0,20
2021-05-20,Vizio,Vizio Homescreen Hero Girls5Eva ACR,2000.0,20
2021-05-21,Vizio,Vizio Homescreen Hero Awareness,2043.96,20
2021-05-21,Vizio,Vizio Discover Rotational ACR,642.86,20
2021-05-21,Vizio,Vizio Discover Intergalactic ACR,428.57,20
2021-05-21,Vizio,Vizio Discover Awareness,875.98,20
2021-05-21,Vizio,Vizio Homescreen Hero Girls5Eva ACR,2000.0,20
2021-05-21,Vizio,Vizio Homescreen Hero Rutherford Falls ACR,935.92,20
2021-05-21,Vizio,Vizio Discover Girls5Eva ACR,857.14,20
2021-05-21,Vizio,Vizio Homescreen Hero Rotational ACR,1500.0,20
2021-05-21,Vizio,Vizio Homescreen Hero Intergalactic ACR,1000.0,20
2021-05-21,Vizio,Vizio Homescreen Hero WWE ACR,714.29,20
2021-05-22,Vizio,Vizio Homescreen Hero Rotational ACR,1500.0,20
2021-05-22,Vizio,Vizio Homescreen Hero WWE ACR,714.29,20
2021-05-22,Vizio,Vizio Discover Rotational ACR,642.86,20
2021-05-22,Vizio,Vizio Homescreen Hero Rutherford Falls ACR,935.92,20
2021-05-22,Vizio,Vizio Homescreen Hero Awareness,2043.96,20
2021-05-22,Vizio,Vizio Discover Awareness,875.98,20
2021-05-22,Vizio,Vizio Homescreen Hero Girls5Eva ACR,2000.0,20
2021-05-22,Vizio,Vizio Homescreen Hero Intergalactic ACR,1000.0,20
2021-05-22,Vizio,Vizio Discover Intergalactic ACR,428.57,20
2021-05-22,Vizio,Vizio Discover Girls5Eva ACR,857.14,20
2021-05-23,Vizio,Vizio Discover Awareness,875.98,20
2021-05-23,Vizio,Vizio Homescreen Hero Awareness,2043.96,20
2021-05-23,Vizio,Vizio Homescreen Hero Rutherford Falls ACR,935.92,20
2021-05-23,Vizio,Vizio Homescreen Hero Girls5Eva ACR,2000.0,20
2021-05-23,Vizio,Vizio Discover Rotational ACR,642.86,20
2021-05-23,Vizio,Vizio Discover Intergalactic ACR,428.57,20
2021-05-23,Vizio,Vizio Homescreen Hero Rotational ACR,1500.0,20
2021-05-23,Vizio,Vizio Homescreen Hero Intergalactic ACR,1000.0,20
2021-05-23,Vizio,Vizio Homescreen Hero WWE ACR,714.29,20
2021-05-23,Vizio,Vizio Discover Girls5Eva ACR,857.14,20
2021-05-24,Vizio,Vizio Homescreen Hero Intergalactic ACR,1000.0,21
2021-05-24,Vizio,Vizio Homescreen Hero Rutherford Falls ACR,935.92,21
2021-05-24,Vizio,Vizio Homescreen Hero Awareness,2043.96,21
2021-05-24,Vizio,Vizio Homescreen Hero WWE ACR,714.29,21
2021-05-24,Vizio,Vizio Homescreen Hero Rotational ACR,1500.0,21
2021-05-24,Vizio,Vizio Discover Girls5Eva ACR,857.14,21
2021-05-24,Vizio,Vizio Discover Rotational ACR,642.86,21
2021-05-24,Vizio,Vizio Homescreen Hero Girls5Eva ACR,2000.0,21
2021-05-24,Vizio,Vizio Discover Awareness,875.98,21
2021-05-24,Vizio,Vizio Discover Intergalactic ACR,428.57,21
2021-05-25,Vizio,Vizio Discover Awareness,875.98,21
2021-05-25,Vizio,Vizio Homescreen Hero Rotational ACR,1500.0,21
2021-05-25,Vizio,Vizio Discover Girls5Eva ACR,857.14,21
2021-05-25,Vizio,Vizio Discover Rotational ACR,642.86,21
2021-05-25,Vizio,Vizio Homescreen Hero Awareness,2043.96,21
2021-05-25,Vizio,Vizio Homescreen Hero WWE ACR,714.29,21
2021-05-25,Vizio,Vizio Homescreen Hero Rutherford Falls ACR,935.92,21
2021-05-25,Vizio,Vizio Homescreen Hero Girls5Eva ACR,2000.0,21
2021-05-25,Vizio,Vizio Discover Intergalactic ACR,428.57,21
2021-05-25,Vizio,Vizio Homescreen Hero Intergalactic ACR,1000.0,21
2021-05-26,Vizio,Vizio Homescreen Hero Girls5Eva ACR,2000.0,21
2021-05-26,Vizio,Vizio Homescreen Hero Awareness,2043.96,21
2021-05-26,Vizio,Vizio Discover Intergalactic ACR,428.57,21
2021-05-26,Vizio,Vizio Homescreen Hero Intergalactic ACR,1000.0,21
2021-05-26,Vizio,Vizio Discover Girls5Eva ACR,857.14,21
2021-05-26,Vizio,Vizio Homescreen Hero WWE ACR,714.29,21
2021-05-26,Vizio,Vizio Discover Rotational ACR,642.86,21
2021-05-26,Vizio,Vizio Discover Awareness,875.98,21
2021-05-26,Vizio,Vizio Homescreen Hero Rotational ACR,1500.0,21
2021-05-26,Vizio,Vizio Homescreen Hero Rutherford Falls ACR,935.92,21
2021-05-27,Vizio,Vizio Homescreen Hero WWE ACR,714.29,21
2021-05-27,Vizio,Vizio Discover Intergalactic ACR,428.57,21
2021-05-27,Vizio,Vizio Discover Girls5Eva ACR,857.14,21
2021-05-27,Vizio,Vizio Discover Awareness,875.98,21
2021-05-27,Vizio,Vizio Discover Rotational ACR,642.86,21
2021-05-27,Vizio,Vizio Homescreen Hero Girls5Eva ACR,2000.0,21
2021-05-27,Vizio,Vizio Homescreen Hero Rutherford Falls ACR,935.92,21
2021-05-27,Vizio,Vizio Homescreen Hero Intergalactic ACR,1000.0,21
2021-05-27,Vizio,Vizio Homescreen Hero Awareness,2043.96,21
2021-05-27,Vizio,Vizio Homescreen Hero Rotational ACR,1500.0,21
2021-05-28,Vizio,Vizio Homescreen Hero Rotational ACR,1500.0,21
2021-05-28,Vizio,Vizio Homescreen Hero WWE ACR,714.29,21
2021-05-28,Vizio,Vizio Homescreen Hero Girls5Eva ACR,2000.0,21
2021-05-28,Vizio,Vizio Homescreen Hero Awareness,2043.96,21
2021-05-28,Vizio,Vizio Discover Rotational ACR,642.86,21
2021-05-28,Vizio,Vizio Homescreen Hero Rutherford Falls ACR,935.92,21
2021-05-28,Vizio,Vizio Discover Awareness,875.98,21
2021-05-28,Vizio,Vizio Discover Girls5Eva ACR,857.14,21
2021-05-28,Vizio,Vizio Discover Intergalactic ACR,428.57,21
2021-05-28,Vizio,Vizio Homescreen Hero Intergalactic ACR,1000.0,21
2021-05-29,Vizio,Vizio Homescreen Hero Awareness,2043.96,21
2021-05-29,Vizio,Vizio Homescreen Hero Rotational ACR,1500.0,21
2021-05-29,Vizio,Vizio Discover Intergalactic ACR,428.57,21
2021-05-29,Vizio,Vizio Homescreen Hero Rutherford Falls ACR,935.92,21
2021-05-29,Vizio,Vizio Discover Rotational ACR,642.86,21
2021-05-29,Vizio,Vizio Discover Awareness,875.98,21
2021-05-29,Vizio,Vizio Homescreen Hero Intergalactic ACR,1000.0,21
2021-05-29,Vizio,Vizio Homescreen Hero Girls5Eva ACR,2000.0,21
2021-05-29,Vizio,Vizio Homescreen Hero WWE ACR,714.29,21
2021-05-29,Vizio,Vizio Discover Girls5Eva ACR,857.14,21
2021-05-30,Vizio,Vizio Discover Rotational ACR,642.86,21
2021-05-30,Vizio,Vizio Homescreen Hero Girls5Eva ACR,2000.0,21
2021-05-30,Vizio,Vizio Discover Girls5Eva ACR,857.14,21
2021-05-30,Vizio,Vizio Discover Intergalactic ACR,428.57,21
2021-05-30,Vizio,Vizio Homescreen Hero Rotational ACR,1500.0,21
2021-05-30,Vizio,Vizio Homescreen Hero Intergalactic ACR,1000.0,21
2021-05-30,Vizio,Vizio Discover Awareness,875.98,21
2021-05-30,Vizio,Vizio Homescreen Hero Rutherford Falls ACR,935.92,21
2021-05-30,Vizio,Vizio Homescreen Hero Awareness,2043.96,21
2021-05-30,Vizio,Vizio Homescreen Hero WWE ACR,714.29,21
2021-05-31,Vizio,Vizio Homescreen Hero French Open ACR,678.57,22
2021-05-31,Vizio,Vizio Homescreen Discover WWE ACR,357.14,22
2021-05-31,Vizio,Vizio Discover French Open ACR,392.86,22
2021-05-31,Vizio,Vizio Homescreen Hero WWE ACR,535.71,22
2021-05-31,Vizio,Vizio 6/4 Homescreen Hero Takeover (12HRS)- June Incremental,5357.14,22
2021-05-31,Vizio,Vizio Homescreen Hero Fixed Position,2678.57,22
2021-05-31,Vizio,Vizio Homescreen Hero True Crime ACR,833.33,22
2021-05-31,Vizio,Vizio Homescreen Hero Rotational,2992.86,22
2021-05-31,Vizio,Vizio Homescreen Hero Awareness,2704.55,22
2021-05-31,Vizio,Vizio Discover Awareness,1075.37,22
2021-05-31,Vizio,Vizio Discover True Crime ACR,555.57,22
2021-06-01,Vizio,Vizio 6/4 Homescreen Hero Takeover (12HRS)- June Incremental,5357.14,22
2021-06-01,Vizio,Vizio Homescreen Hero Rotational,2992.86,22
2021-06-01,Vizio,Vizio Homescreen Hero Awareness,2704.55,22
2021-06-01,Vizio,Vizio Homescreen Hero True Crime ACR,833.33,22
2021-06-01,Vizio,Vizio Homescreen Hero French Open ACR,678.57,22
2021-06-01,Vizio,Vizio Discover Awareness,1075.37,22
2021-06-01,Vizio,Vizio Homescreen Hero Fixed Position,2678.57,22
2021-06-01,Vizio,Vizio Homescreen Discover WWE ACR,357.14,22
2021-06-01,Vizio,Vizio Discover French Open ACR,392.86,22
2021-06-01,Vizio,Vizio Homescreen Hero WWE ACR,535.71,22
2021-06-01,Vizio,Vizio Discover True Crime ACR,555.57,22
2021-06-02,Vizio,Vizio Homescreen Discover WWE ACR,357.14,22
2021-06-02,Vizio,Vizio Homescreen Hero Rotational,2992.86,22
2021-06-02,Vizio,Vizio Discover French Open ACR,392.86,22
2021-06-02,Vizio,Vizio Homescreen Hero Fixed Position,2678.57,22
2021-06-02,Vizio,Vizio Homescreen Hero WWE ACR,535.71,22
2021-06-02,Vizio,Vizio 6/4 Homescreen Hero Takeover (12HRS)- June Incremental,5357.14,22
2021-06-02,Vizio,Vizio Homescreen Hero True Crime ACR,833.33,22
2021-06-02,Vizio,Vizio Homescreen Hero Awareness,2704.55,22
2021-06-02,Vizio,Vizio Discover Awareness,1075.37,22
2021-06-02,Vizio,Vizio Discover True Crime ACR,555.57,22
2021-06-02,Vizio,Vizio Homescreen Hero French Open ACR,678.57,22
2021-06-03,Vizio,Vizio Homescreen Hero True Crime ACR,833.33,22
2021-06-03,Vizio,Vizio Homescreen Hero Awareness,2704.55,22
2021-06-03,Vizio,Vizio Homescreen Hero Fixed Position,2678.57,22
2021-06-03,Vizio,Vizio Discover Awareness,1075.37,22
2021-06-03,Vizio,Vizio Homescreen Hero French Open ACR,678.57,22
2021-06-03,Vizio,Vizio Homescreen Hero WWE ACR,535.71,22
2021-06-03,Vizio,Vizio Homescreen Discover WWE ACR,357.14,22
2021-06-03,Vizio,Vizio Discover French Open ACR,392.86,22
2021-06-03,Vizio,Vizio Homescreen Hero Rotational,2992.86,22
2021-06-03,Vizio,Vizio Discover True Crime ACR,555.57,22
2021-06-03,Vizio,Vizio 6/4 Homescreen Hero Takeover (12HRS)- June Incremental,5357.14,22
2021-06-04,Vizio,Vizio Homescreen Discover WWE ACR,357.14,22
2021-06-04,Vizio,Vizio Homescreen Hero WWE ACR,535.71,22
2021-06-04,Vizio,Vizio Homescreen Hero True Crime ACR,833.33,22
2021-06-04,Vizio,Vizio Homescreen Hero Rotational,2992.86,22
2021-06-04,Vizio,Vizio Discover French Open ACR,392.86,22
2021-06-04,Vizio,Vizio 6/4 Homescreen Hero Takeover (12HRS)- June Incremental,5357.14,22
2021-06-04,Vizio,Vizio Discover Awareness,1075.37,22
2021-06-04,Vizio,Vizio Discover True Crime ACR,555.57,22
2021-06-04,Vizio,Vizio Homescreen Hero Fixed Position,2678.57,22
2021-06-04,Vizio,Vizio Homescreen Hero French Open ACR,678.57,22
2021-06-04,Vizio,Vizio Homescreen Hero Awareness,2704.55,22
2021-06-05,Vizio,Vizio Discover French Open ACR,392.86,22
2021-06-05,Vizio,Vizio Homescreen Hero True Crime ACR,833.33,22
2021-06-05,Vizio,Vizio Homescreen Hero Awareness,2704.55,22
2021-06-05,Vizio,Vizio Homescreen Hero WWE ACR,535.71,22
2021-06-05,Vizio,Vizio 6/4 Homescreen Hero Takeover (12HRS)- June Incremental,5357.14,22
2021-06-05,Vizio,Vizio Discover True Crime ACR,555.57,22
2021-06-05,Vizio,Vizio Homescreen Discover WWE ACR,357.14,22
2021-06-05,Vizio,Vizio Homescreen Hero Rotational,2992.86,22
2021-06-05,Vizio,Vizio Discover Awareness,1075.37,22
2021-06-05,Vizio,Vizio Homescreen Hero French Open ACR,678.57,22
2021-06-05,Vizio,Vizio Homescreen Hero Fixed Position,2678.57,22
2021-06-06,Vizio,Vizio Homescreen Hero French Open ACR,678.57,22
2021-06-06,Vizio,Vizio Homescreen Discover WWE ACR,357.14,22
2021-06-06,Vizio,Vizio Homescreen Hero Rotational,2992.86,22
2021-06-06,Vizio,Vizio Homescreen Hero Fixed Position,2678.57,22
2021-06-06,Vizio,Vizio Discover Awareness,1075.37,22
2021-06-06,Vizio,Vizio Homescreen Hero Awareness,2704.55,22
2021-06-06,Vizio,Vizio Discover True Crime ACR,555.57,22
2021-06-06,Vizio,Vizio 6/4 Homescreen Hero Takeover (12HRS)- June Incremental,5357.14,22
2021-06-06,Vizio,Vizio Homescreen Hero True Crime ACR,833.33,22
2021-06-06,Vizio,Vizio Homescreen Hero WWE ACR,535.71,22
2021-06-06,Vizio,Vizio Discover French Open ACR,392.86,22
2021-06-07,Vizio,Vizio Homescreen Hero True Crime ACR,833.33,23
2021-06-07,Vizio,Vizio Homescreen Hero Awareness,2704.55,23
2021-06-07,Vizio,Vizio Homescreen Hero Rotational,2992.86,23
2021-06-07,Vizio,Vizio Homescreen Discover WWE ACR,357.14,23
2021-06-07,Vizio,Vizio Homescreen Hero WWE ACR,535.71,23
2021-06-07,Vizio,Vizio 6/4 Homescreen Hero Takeover (12HRS)- June Incremental,5357.14,23
2021-06-07,Vizio,Vizio Discover True Crime ACR,555.57,23
2021-06-07,Vizio,Vizio Homescreen Hero French Open ACR,678.57,23
2021-06-07,Vizio,Vizio Discover French Open ACR,392.86,23
2021-06-07,Vizio,Vizio Discover Awareness,1075.37,23
2021-06-07,Vizio,Vizio Homescreen Hero Fixed Position,2678.57,23
2021-06-08,Vizio,Vizio Homescreen Hero WWE ACR,535.71,23
2021-06-08,Vizio,Vizio Discover Awareness,1075.37,23
2021-06-08,Vizio,Vizio Homescreen Hero Fixed Position,2678.57,23
2021-06-08,Vizio,Vizio Discover French Open ACR,392.86,23
2021-06-08,Vizio,Vizio Homescreen Discover WWE ACR,357.14,23
2021-06-08,Vizio,Vizio Homescreen Hero Rotational,2992.86,23
2021-06-08,Vizio,Vizio 6/4 Homescreen Hero Takeover (12HRS)- June Incremental,5357.14,23
2021-06-08,Vizio,Vizio Homescreen Hero French Open ACR,678.57,23
2021-06-08,Vizio,Vizio Homescreen Hero Awareness,2704.55,23
2021-06-08,Vizio,Vizio Discover True Crime ACR,555.57,23
2021-06-08,Vizio,Vizio Homescreen Hero True Crime ACR,833.33,23
2021-06-09,Vizio,Vizio Homescreen Discover WWE ACR,357.14,23
2021-06-09,Vizio,Vizio Homescreen Hero WWE ACR,535.71,23
2021-06-09,Vizio,Vizio Discover Awareness,1075.37,23
2021-06-09,Vizio,Vizio Homescreen Hero Rotational,2992.86,23
2021-06-09,Vizio,Vizio Homescreen Hero Awareness,2704.55,23
2021-06-09,Vizio,Vizio Homescreen Hero True Crime ACR,833.33,23
2021-06-09,Vizio,Vizio Discover French Open ACR,392.86,23
2021-06-09,Vizio,Vizio 6/4 Homescreen Hero Takeover (12HRS)- June Incremental,5357.14,23
2021-06-09,Vizio,Vizio Discover True Crime ACR,555.57,23
2021-06-09,Vizio,Vizio Homescreen Hero French Open ACR,678.57,23
2021-06-09,Vizio,Vizio Homescreen Hero Fixed Position,2678.57,23
2021-06-10,Vizio,Vizio Discover French Open ACR,392.86,23
2021-06-10,Vizio,Vizio Discover Awareness,1075.37,23
2021-06-10,Vizio,Vizio Homescreen Hero Awareness,2704.55,23
2021-06-10,Vizio,Vizio Homescreen Hero French Open ACR,678.57,23
2021-06-10,Vizio,Vizio Discover True Crime ACR,555.57,23
2021-06-10,Vizio,Vizio Homescreen Hero Rotational,2992.86,23
2021-06-10,Vizio,Vizio Homescreen Discover WWE ACR,357.14,23
2021-06-10,Vizio,Vizio 6/4 Homescreen Hero Takeover (12HRS)- June Incremental,5357.14,23
2021-06-10,Vizio,Vizio Homescreen Hero True Crime ACR,833.33,23
2021-06-10,Vizio,Vizio Homescreen Hero WWE ACR,535.71,23
2021-06-10,Vizio,Vizio Homescreen Hero Fixed Position,2678.57,23
2021-06-11,Vizio,Vizio Homescreen Hero Fixed Position,2678.57,23
2021-06-11,Vizio,Vizio Discover French Open ACR,392.86,23
2021-06-11,Vizio,Vizio 6/4 Homescreen Hero Takeover (12HRS)- June Incremental,5357.14,23
2021-06-11,Vizio,Vizio Discover Awareness,1075.37,23
2021-06-11,Vizio,Vizio Homescreen Hero Rotational,2992.86,23
2021-06-11,Vizio,Vizio Homescreen Hero True Crime ACR,833.33,23
2021-06-11,Vizio,Vizio Homescreen Hero Awareness,2704.55,23
2021-06-11,Vizio,Vizio Discover True Crime ACR,555.57,23
2021-06-11,Vizio,Vizio Homescreen Hero French Open ACR,678.57,23
2021-06-11,Vizio,Vizio Homescreen Hero WWE ACR,535.71,23
2021-06-11,Vizio,Vizio Homescreen Discover WWE ACR,357.14,23
2021-06-12,Vizio,Vizio Discover True Crime ACR,555.57,23
2021-06-12,Vizio,Vizio Homescreen Hero True Crime ACR,833.33,23
2021-06-12,Vizio,Vizio Homescreen Hero Fixed Position,2678.57,23
2021-06-12,Vizio,Vizio Homescreen Hero WWE ACR,535.71,23
2021-06-12,Vizio,Vizio Homescreen Discover WWE ACR,357.14,23
2021-06-12,Vizio,Vizio Homescreen Hero Awareness,2704.55,23
2021-06-12,Vizio,Vizio 6/4 Homescreen Hero Takeover (12HRS)- June Incremental,5357.14,23
2021-06-12,Vizio,Vizio Discover French Open ACR,392.86,23
2021-06-12,Vizio,Vizio Discover Awareness,1075.37,23
2021-06-12,Vizio,Vizio Homescreen Hero Rotational,2992.86,23
2021-06-12,Vizio,Vizio Homescreen Hero French Open ACR,678.57,23
2021-06-13,Vizio,Vizio Discover Awareness,1075.37,23
2021-06-13,Vizio,Vizio Discover True Crime ACR,555.57,23
2021-06-13,Vizio,Vizio Homescreen Hero Awareness,2704.55,23
2021-06-13,Vizio,Vizio Homescreen Hero WWE ACR,535.71,23
2021-06-13,Vizio,Vizio 6/4 Homescreen Hero Takeover (12HRS)- June Incremental,5357.14,23
2021-06-13,Vizio,Vizio Discover French Open ACR,392.86,23
2021-06-13,Vizio,Vizio Homescreen Hero Rotational,2992.86,23
2021-06-13,Vizio,Vizio Homescreen Hero French Open ACR,678.57,23
2021-06-13,Vizio,Vizio Homescreen Hero Fixed Position,2678.57,23
2021-06-13,Vizio,Vizio Homescreen Discover WWE ACR,357.14,23
2021-06-13,Vizio,Vizio Homescreen Hero True Crime ACR,833.33,23
2021-06-14,Vizio,Vizio Homescreen Discover WWE ACR,357.14,24
2021-06-14,Vizio,Vizio 6/4 Homescreen Hero Takeover (12HRS)- June Incremental,5357.14,24
2021-06-14,Vizio,Vizio Homescreen Hero Awareness,2704.55,24
2021-06-14,Vizio,Vizio Discover French Open ACR,392.86,24
2021-06-14,Vizio,Vizio Homescreen Hero WWE ACR,535.71,24
2021-06-14,Vizio,Vizio Homescreen Hero French Open ACR,678.57,24
2021-06-14,Vizio,Vizio Discover True Crime ACR,555.57,24
2021-06-14,Vizio,Vizio Homescreen Hero True Crime ACR,833.33,24
2021-06-14,Vizio,Vizio Homescreen Hero Rotational,2992.86,24
2021-06-14,Vizio,Vizio Discover Awareness,1075.37,24
2021-06-14,Vizio,Vizio Homescreen Hero Fixed Position,2678.57,24
2021-06-15,Vizio,Vizio Discover Awareness,1075.37,24
2021-06-15,Vizio,Vizio Homescreen Hero Awareness,2704.55,24
2021-06-15,Vizio,Vizio Homescreen Discover WWE ACR,357.14,24
2021-06-15,Vizio,Vizio Homescreen Hero True Crime ACR,833.33,24
2021-06-15,Vizio,Vizio Discover True Crime ACR,555.57,24
2021-06-15,Vizio,Vizio Homescreen Hero WWE ACR,535.71,24
2021-06-15,Vizio,Vizio Homescreen Hero French Open ACR,678.57,24
2021-06-15,Vizio,Vizio Discover French Open ACR,392.86,24
2021-06-15,Vizio,Vizio 6/4 Homescreen Hero Takeover (12HRS)- June Incremental,5357.14,24
2021-06-15,Vizio,Vizio Homescreen Hero Fixed Position,2678.57,24
2021-06-15,Vizio,Vizio Homescreen Hero Rotational,2992.86,24
2021-06-16,Vizio,Vizio Homescreen Hero True Crime ACR,833.33,24
2021-06-16,Vizio,Vizio Homescreen Discover WWE ACR,357.14,24
2021-06-16,Vizio,Vizio Homescreen Hero Awareness,2704.55,24
2021-06-16,Vizio,Vizio Discover Awareness,1075.37,24
2021-06-16,Vizio,Vizio Homescreen Hero WWE ACR,535.71,24
2021-06-16,Vizio,Vizio Homescreen Hero Fixed Position,2678.57,24
2021-06-16,Vizio,Vizio Discover True Crime ACR,555.57,24
2021-06-16,Vizio,Vizio Homescreen Hero French Open ACR,678.57,24
2021-06-16,Vizio,Vizio 6/4 Homescreen Hero Takeover (12HRS)- June Incremental,5357.14,24
2021-06-16,Vizio,Vizio Homescreen Hero Rotational,2992.86,24
2021-06-16,Vizio,Vizio Discover French Open ACR,392.86,24
2021-06-17,Vizio,Vizio Discover Awareness,1075.37,24
2021-06-17,Vizio,Vizio Homescreen Hero Awareness,2704.55,24
2021-06-17,Vizio,Vizio 6/4 Homescreen Hero Takeover (12HRS)- June Incremental,5357.14,24
2021-06-17,Vizio,Vizio Homescreen Hero True Crime ACR,833.33,24
2021-06-17,Vizio,Vizio Homescreen Hero WWE ACR,535.71,24
2021-06-17,Vizio,Vizio Homescreen Hero Rotational,2992.86,24
2021-06-17,Vizio,Vizio Homescreen Discover WWE ACR,357.14,24
2021-06-17,Vizio,Vizio Discover True Crime ACR,555.57,24
2021-06-17,Vizio,Vizio Homescreen Hero French Open ACR,678.57,24
2021-06-17,Vizio,Vizio Discover French Open ACR,392.86,24
2021-06-17,Vizio,Vizio Homescreen Hero Fixed Position,2678.57,24
2021-06-18,Vizio,Vizio Discover French Open ACR,392.86,24
2021-06-18,Vizio,Vizio Discover True Crime ACR,555.57,24
2021-06-18,Vizio,Vizio Homescreen Hero French Open ACR,678.57,24
2021-06-18,Vizio,Vizio Homescreen Hero Fixed Position,2678.57,24
2021-06-18,Vizio,Vizio Homescreen Discover WWE ACR,357.14,24
2021-06-18,Vizio,Vizio Homescreen Hero WWE ACR,535.71,24
2021-06-18,Vizio,Vizio Homescreen Hero True Crime ACR,833.33,24
2021-06-18,Vizio,Vizio Homescreen Hero Rotational,2992.86,24
2021-06-18,Vizio,Vizio Discover Awareness,1075.37,24
2021-06-18,Vizio,Vizio 6/4 Homescreen Hero Takeover (12HRS)- June Incremental,5357.14,24
2021-06-18,Vizio,Vizio Homescreen Hero Awareness,2704.55,24
2021-06-19,Vizio,Vizio Homescreen Hero WWE ACR,535.71,24
2021-06-19,Vizio,Vizio Discover True Crime ACR,555.57,24
2021-06-19,Vizio,Vizio 6/4 Homescreen Hero Takeover (12HRS)- June Incremental,5357.14,24
2021-06-19,Vizio,Vizio Homescreen Hero French Open ACR,678.57,24
2021-06-19,Vizio,Vizio Homescreen Hero Rotational,2992.86,24
2021-06-19,Vizio,Vizio Homescreen Hero Fixed Position,2678.57,24
2021-06-19,Vizio,Vizio Discover French Open ACR,392.86,24
2021-06-19,Vizio,Vizio Discover Awareness,1075.37,24
2021-06-19,Vizio,Vizio Homescreen Hero True Crime ACR,833.33,24
2021-06-19,Vizio,Vizio Homescreen Hero Awareness,2704.55,24
2021-06-19,Vizio,Vizio Homescreen Discover WWE ACR,357.14,24
2021-06-20,Vizio,Vizio Homescreen Hero Awareness,2704.55,24
2021-06-20,Vizio,Vizio Homescreen Hero French Open ACR,678.57,24
2021-06-20,Vizio,Vizio Homescreen Hero Fixed Position,2678.57,24
2021-06-20,Vizio,Vizio Homescreen Discover WWE ACR,357.14,24
2021-06-20,Vizio,Vizio Homescreen Hero WWE ACR,535.71,24
2021-06-20,Vizio,Vizio Homescreen Hero True Crime ACR,833.33,24
2021-06-20,Vizio,Vizio Discover French Open ACR,392.86,24
2021-06-20,Vizio,Vizio Discover Awareness,1075.37,24
2021-06-20,Vizio,Vizio Homescreen Hero Rotational,2992.86,24
2021-06-20,Vizio,Vizio 6/4 Homescreen Hero Takeover (12HRS)- June Incremental,5357.14,24
2021-06-20,Vizio,Vizio Discover True Crime ACR,555.57,24
2021-06-21,Vizio,Vizio Homescreen Discover WWE ACR,357.14,25
2021-06-21,Vizio,Vizio Homescreen Hero Fixed Position,2678.57,25
2021-06-21,Vizio,Vizio Homescreen Hero Rotational,2992.86,25
2021-06-21,Vizio,Vizio Homescreen Hero WWE ACR,535.71,25
2021-06-21,Vizio,Vizio Discover True Crime ACR,555.57,25
2021-06-21,Vizio,Vizio Discover Awareness,1075.37,25
2021-06-21,Vizio,Vizio Homescreen Hero True Crime ACR,833.33,25
2021-06-21,Vizio,Vizio Homescreen Hero French Open ACR,678.57,25
2021-06-21,Vizio,Vizio Discover French Open ACR,392.86,25
2021-06-21,Vizio,Vizio 6/4 Homescreen Hero Takeover (12HRS)- June Incremental,5357.14,25
2021-06-21,Vizio,Vizio Homescreen Hero Awareness,2704.55,25
2021-06-22,Vizio,Vizio Discover True Crime ACR,555.57,25
2021-06-22,Vizio,Vizio Homescreen Hero Fixed Position,2678.57,25
2021-06-22,Vizio,Vizio Homescreen Discover WWE ACR,357.14,25
2021-06-22,Vizio,Vizio Discover Awareness,1075.37,25
2021-06-22,Vizio,Vizio Homescreen Hero True Crime ACR,833.33,25
2021-06-22,Vizio,Vizio Homescreen Hero French Open ACR,678.57,25
2021-06-22,Vizio,Vizio 6/4 Homescreen Hero Takeover (12HRS)- June Incremental,5357.14,25
2021-06-22,Vizio,Vizio Homescreen Hero WWE ACR,535.71,25
2021-06-22,Vizio,Vizio Homescreen Hero Awareness,2704.55,25
2021-06-22,Vizio,Vizio Homescreen Hero Rotational,2992.86,25
2021-06-22,Vizio,Vizio Discover French Open ACR,392.86,25
2021-06-23,Vizio,Vizio 6/4 Homescreen Hero Takeover (12HRS)- June Incremental,5357.14,25
2021-06-23,Vizio,Vizio Homescreen Hero WWE ACR,535.71,25
2021-06-23,Vizio,Vizio Homescreen Hero French Open ACR,678.57,25
2021-06-23,Vizio,Vizio Discover French Open ACR,392.86,25
2021-06-23,Vizio,Vizio Homescreen Hero Rotational,2992.86,25
2021-06-23,Vizio,Vizio Homescreen Hero Fixed Position,2678.57,25
2021-06-23,Vizio,Vizio Discover True Crime ACR,555.57,25
2021-06-23,Vizio,Vizio Homescreen Hero Awareness,2704.55,25
2021-06-23,Vizio,Vizio Homescreen Hero True Crime ACR,833.33,25
2021-06-23,Vizio,Vizio Homescreen Discover WWE ACR,357.14,25
2021-06-23,Vizio,Vizio Discover Awareness,1075.37,25
2021-06-24,Vizio,Vizio Discover Awareness,1075.37,25
2021-06-24,Vizio,Vizio Homescreen Hero WWE ACR,535.71,25
2021-06-24,Vizio,Vizio Discover French Open ACR,392.86,25
2021-06-24,Vizio,Vizio Discover True Crime ACR,555.57,25
2021-06-24,Vizio,Vizio Homescreen Hero True Crime ACR,833.33,25
2021-06-24,Vizio,Vizio 6/4 Homescreen Hero Takeover (12HRS)- June Incremental,5357.14,25
2021-06-24,Vizio,Vizio Homescreen Hero Awareness,2704.55,25
2021-06-24,Vizio,Vizio Homescreen Hero Fixed Position,2678.57,25
2021-06-24,Vizio,Vizio Homescreen Hero Rotational,2992.86,25
2021-06-24,Vizio,Vizio Homescreen Hero French Open ACR,678.57,25
2021-06-24,Vizio,Vizio Homescreen Discover WWE ACR,357.14,25
2021-06-25,Vizio,Vizio Homescreen Hero True Crime ACR,833.33,25
2021-06-25,Vizio,Vizio Discover French Open ACR,392.86,25
2021-06-25,Vizio,Vizio Homescreen Discover WWE ACR,357.14,25
2021-06-25,Vizio,Vizio Homescreen Hero French Open ACR,678.57,25
2021-06-25,Vizio,Vizio Discover Awareness,1075.37,25
2021-06-25,Vizio,Vizio Homescreen Hero Fixed Position,2678.57,25
2021-06-25,Vizio,Vizio 6/4 Homescreen Hero Takeover (12HRS)- June Incremental,5357.14,25
2021-06-25,Vizio,Vizio Homescreen Hero Rotational,2992.86,25
2021-06-25,Vizio,Vizio Homescreen Hero Awareness,2704.55,25
2021-06-25,Vizio,Vizio Discover True Crime ACR,555.57,25
2021-06-25,Vizio,Vizio Homescreen Hero WWE ACR,535.71,25
2021-06-26,Vizio,Vizio Homescreen Hero Awareness,2704.55,25
2021-06-26,Vizio,Vizio Homescreen Hero French Open ACR,678.57,25
2021-06-26,Vizio,Vizio Homescreen Discover WWE ACR,357.14,25
2021-06-26,Vizio,Vizio Homescreen Hero Rotational,2992.86,25
2021-06-26,Vizio,Vizio Discover French Open ACR,392.86,25
2021-06-26,Vizio,Vizio Homescreen Hero True Crime ACR,833.33,25
2021-06-26,Vizio,Vizio Discover True Crime ACR,555.57,25
2021-06-26,Vizio,Vizio Homescreen Hero WWE ACR,535.71,25
2021-06-26,Vizio,Vizio Discover Awareness,1075.37,25
2021-06-26,Vizio,Vizio Homescreen Hero Fixed Position,2678.57,25
2021-06-26,Vizio,Vizio 6/4 Homescreen Hero Takeover (12HRS)- June Incremental,5357.14,25
2021-06-27,Vizio,Vizio Discover True Crime ACR,555.57,25
2021-06-27,Vizio,Vizio Homescreen Hero Rotational,2992.86,25
2021-06-27,Vizio,Vizio Homescreen Hero Awareness,2704.55,25
2021-06-27,Vizio,Vizio Homescreen Hero Fixed Position,2678.57,25
2021-06-27,Vizio,Vizio Discover Awareness,1075.37,25
2021-06-27,Vizio,Vizio Homescreen Hero True Crime ACR,833.33,25
2021-06-27,Vizio,Vizio Homescreen Hero French Open ACR,678.57,25
2021-06-27,Vizio,Vizio 6/4 Homescreen Hero Takeover (12HRS)- June Incremental,5357.14,25
2021-06-27,Vizio,Vizio Discover French Open ACR,392.86,25
2021-06-27,Vizio,Vizio Homescreen Hero WWE ACR,535.71,25
2021-06-27,Vizio,Vizio Homescreen Discover WWE ACR,357.14,25
2021-06-28,Vizio,Vizio Homescreen & Discover RON,1785.71,26
2021-06-28,Vizio,Vizio Homescreen Hero True Crime ACR,1309.52,26
2021-06-28,Vizio,Vizio Hero 1 Takeover (12HR),5357.14,26
2021-06-28,Vizio,Vizio Hero & Discover 1-5 - Highlight Hero,1428.57,26
2021-06-28,Vizio,Vizio Discover Rotational,1353.84,26
2021-06-28,Vizio,Vizio Hero & Discover 1-5 - Dream Team,2747.25,26
2021-06-28,Vizio,Vizio Hero & Discover 1-5 - Torchbearer,952.38,26
2021-06-28,Vizio,Vizio Discover True Crime ACR,873.02,26
2021-06-28,Vizio,Vizio Homescreen Hero Rotational,3158.97,26
2021-06-29,Vizio,Vizio Homescreen Hero True Crime ACR,1309.52,26
2021-06-29,Vizio,Vizio Homescreen & Discover RON,1785.71,26
2021-06-29,Vizio,Vizio Hero & Discover 1-5 - Highlight Hero,1428.57,26
2021-06-29,Vizio,Vizio Discover True Crime ACR,873.02,26
2021-06-29,Vizio,Vizio Hero & Discover 1-5 - Torchbearer,952.38,26
2021-06-29,Vizio,Vizio Hero 1 Takeover (12HR),5357.14,26
2021-06-29,Vizio,Vizio Discover Rotational,1353.84,26
2021-06-29,Vizio,Vizio Homescreen Hero Rotational,3158.97,26
2021-06-29,Vizio,Vizio Hero & Discover 1-5 - Dream Team,2747.25,26
2021-06-30,Vizio,Vizio Hero & Discover 1-5 - Torchbearer,952.38,26
2021-06-30,Vizio,Vizio Discover Rotational,1353.84,26
2021-06-30,Vizio,Vizio Hero & Discover 1-5 - Dream Team,2747.25,26
2021-06-30,Vizio,Vizio Homescreen Hero Rotational,3158.97,26
2021-06-30,Vizio,Vizio Hero & Discover 1-5 - Highlight Hero,1428.57,26
2021-06-30,Vizio,Vizio Hero 1 Takeover (12HR),5357.14,26
2021-06-30,Vizio,Vizio Discover True Crime ACR,873.02,26
2021-06-30,Vizio,Vizio Homescreen & Discover RON,1785.71,26
2021-06-30,Vizio,Vizio Homescreen Hero True Crime ACR,1309.52,26
2021-07-01,Vizio,Vizio Hero & Discover 1-5 - Highlight Hero,1428.57,26
2021-07-01,Vizio,Vizio Homescreen Hero True Crime ACR,1309.52,26
2021-07-01,Vizio,Vizio Discover True Crime ACR,873.02,26
2021-07-01,Vizio,Vizio Hero & Discover 1-5 - Dream Team,2747.25,26
2021-07-01,Vizio,Vizio Hero 1 Takeover (12HR),5357.14,26
2021-07-01,Vizio,Vizio Discover Rotational,1353.84,26
2021-07-01,Vizio,Vizio Hero & Discover 1-5 - Torchbearer,952.38,26
2021-07-01,Vizio,Vizio Homescreen Hero Rotational,3158.97,26
2021-07-01,Vizio,Vizio Homescreen & Discover RON,1785.71,26
2021-07-02,Vizio,Vizio Homescreen Hero Rotational,3158.97,26
2021-07-02,Vizio,Vizio Hero & Discover 1-5 - Highlight Hero,1428.57,26
2021-07-02,Vizio,Vizio Hero 1 Takeover (12HR),5357.14,26
2021-07-02,Vizio,Vizio Hero & Discover 1-5 - Torchbearer,952.38,26
2021-07-02,Vizio,Vizio Discover True Crime ACR,873.02,26
2021-07-02,Vizio,Vizio Discover Rotational,1353.84,26
2021-07-02,Vizio,Vizio Homescreen & Discover RON,1785.71,26
2021-07-02,Vizio,Vizio Hero & Discover 1-5 - Dream Team,2747.25,26
2021-07-02,Vizio,Vizio Homescreen Hero True Crime ACR,1309.52,26
2021-07-03,Vizio,Vizio Homescreen Hero Rotational,3158.97,26
2021-07-03,Vizio,Vizio Hero 1 Takeover (12HR),5357.14,26
2021-07-03,Vizio,Vizio Homescreen & Discover RON,1785.71,26
2021-07-03,Vizio,Vizio Discover True Crime ACR,873.02,26
2021-07-03,Vizio,Vizio Hero & Discover 1-5 - Torchbearer,952.38,26
2021-07-03,Vizio,Vizio Discover Rotational,1353.84,26
2021-07-03,Vizio,Vizio Hero & Discover 1-5 - Highlight Hero,1428.57,26
2021-07-03,Vizio,Vizio Hero & Discover 1-5 - Dream Team,2747.25,26
2021-07-03,Vizio,Vizio Homescreen Hero True Crime ACR,1309.52,26
2021-07-04,Vizio,Vizio Hero & Discover 1-5 - Highlight Hero,1428.57,26
2021-07-04,Vizio,Vizio Discover Rotational,1353.84,26
2021-07-04,Vizio,Vizio Homescreen Hero Rotational,3158.97,26
2021-07-04,Vizio,Vizio Discover True Crime ACR,873.02,26
2021-07-04,Vizio,Vizio Homescreen Hero True Crime ACR,1309.52,26
2021-07-04,Vizio,Vizio Hero & Discover 1-5 - Torchbearer,952.38,26
2021-07-04,Vizio,Vizio Hero 1 Takeover (12HR),5357.14,26
2021-07-04,Vizio,Vizio Homescreen & Discover RON,1785.71,26
2021-07-04,Vizio,Vizio Hero & Discover 1-5 - Dream Team,2747.25,26
2021-07-05,Vizio,Vizio Hero & Discover 1-5 - Highlight Hero,1428.57,27
2021-07-05,Vizio,Vizio Hero & Discover 1-5 - Torchbearer,952.38,27
2021-07-05,Vizio,Vizio Discover True Crime ACR,873.02,27
2021-07-05,Vizio,Vizio Hero & Discover 1-5 - Dream Team,2747.25,27
2021-07-05,Vizio,Vizio Homescreen & Discover RON,1785.71,27
2021-07-05,Vizio,Vizio Discover Rotational,1353.84,27
2021-07-05,Vizio,Vizio Homescreen Hero Rotational,3158.97,27
2021-07-05,Vizio,Vizio Hero 1 Takeover (12HR),5357.14,27
2021-07-05,Vizio,Vizio Homescreen Hero True Crime ACR,1309.52,27
2021-07-06,Vizio,Vizio Homescreen Hero Rotational,3158.97,27
2021-07-06,Vizio,Vizio Discover True Crime ACR,873.02,27
2021-07-06,Vizio,Vizio Discover Rotational,1353.84,27
2021-07-06,Vizio,Vizio Hero & Discover 1-5 - Torchbearer,952.38,27
2021-07-06,Vizio,Vizio Homescreen & Discover RON,1785.71,27
2021-07-06,Vizio,Vizio Homescreen Hero True Crime ACR,1309.52,27
2021-07-06,Vizio,Vizio Hero 1 Takeover (12HR),5357.14,27
2021-07-06,Vizio,Vizio Hero & Discover 1-5 - Highlight Hero,1428.57,27
2021-07-06,Vizio,Vizio Hero & Discover 1-5 - Dream Team,2747.25,27
2021-07-07,Vizio,Vizio Discover Rotational,1353.84,27
2021-07-07,Vizio,Vizio Hero 1 Takeover (12HR),5357.14,27
2021-07-07,Vizio,Vizio Hero & Discover 1-5 - Dream Team,2747.25,27
2021-07-07,Vizio,Vizio Hero & Discover 1-5 - Highlight Hero,1428.57,27
2021-07-07,Vizio,Vizio Discover True Crime ACR,873.02,27
2021-07-07,Vizio,Vizio Homescreen Hero True Crime ACR,1309.52,27
2021-07-07,Vizio,Vizio Homescreen Hero Rotational,3158.97,27
2021-07-07,Vizio,Vizio Hero & Discover 1-5 - Torchbearer,952.38,27
2021-07-07,Vizio,Vizio Homescreen & Discover RON,1785.71,27
2021-07-08,Vizio,Vizio Homescreen Hero Rotational,3158.97,27
2021-07-08,Vizio,Vizio Discover Rotational,1353.84,27
2021-07-08,Vizio,Vizio Hero 1 Takeover (12HR),5357.14,27
2021-07-08,Vizio,Vizio Hero & Discover 1-5 - Dream Team,2747.25,27
2021-07-08,Vizio,Vizio Homescreen & Discover RON,1785.71,27
2021-07-08,Vizio,Vizio Hero & Discover 1-5 - Torchbearer,952.38,27
2021-07-08,Vizio,Vizio Homescreen Hero True Crime ACR,1309.52,27
2021-07-08,Vizio,Vizio Hero & Discover 1-5 - Highlight Hero,1428.57,27
2021-07-08,Vizio,Vizio Discover True Crime ACR,873.02,27
2021-07-09,Vizio,Vizio Homescreen Hero True Crime ACR,1309.52,27
2021-07-09,Vizio,Vizio Homescreen & Discover RON,1785.71,27
2021-07-09,Vizio,Vizio Hero & Discover 1-5 - Dream Team,2747.25,27
2021-07-09,Vizio,Vizio Discover True Crime ACR,873.02,27
2021-07-09,Vizio,Vizio Hero & Discover 1-5 - Highlight Hero,1428.57,27
2021-07-09,Vizio,Vizio Hero 1 Takeover (12HR),5357.14,27
2021-07-09,Vizio,Vizio Hero & Discover 1-5 - Torchbearer,952.38,27
2021-07-09,Vizio,Vizio Discover Rotational,1353.84,27
2021-07-09,Vizio,Vizio Homescreen Hero Rotational,3158.97,27
2021-07-10,Vizio,Vizio Discover True Crime ACR,873.02,27
2021-07-10,Vizio,Vizio Hero & Discover 1-5 - Torchbearer,952.38,27
2021-07-10,Vizio,Vizio Homescreen Hero True Crime ACR,1309.52,27
2021-07-10,Vizio,Vizio Homescreen Hero Rotational,3158.97,27
2021-07-10,Vizio,Vizio Hero 1 Takeover (12HR),5357.14,27
2021-07-10,Vizio,Vizio Homescreen & Discover RON,1785.71,27
2021-07-10,Vizio,Vizio Hero & Discover 1-5 - Dream Team,2747.25,27
2021-07-10,Vizio,Vizio Discover Rotational,1353.84,27
2021-07-10,Vizio,Vizio Hero & Discover 1-5 - Highlight Hero,1428.57,27
2021-07-11,Vizio,Vizio Homescreen & Discover RON,1785.71,27
2021-07-11,Vizio,Vizio Hero & Discover 1-5 - Dream Team,2747.25,27
2021-07-11,Vizio,Vizio Hero & Discover 1-5 - Torchbearer,952.38,27
2021-07-11,Vizio,Vizio Homescreen Hero True Crime ACR,1309.52,27
2021-07-11,Vizio,Vizio Homescreen Hero Rotational,3158.97,27
2021-07-11,Vizio,Vizio Hero & Discover 1-5 - Highlight Hero,1428.57,27
2021-07-11,Vizio,Vizio Discover True Crime ACR,873.02,27
2021-07-11,Vizio,Vizio Discover Rotational,1353.84,27
2021-07-11,Vizio,Vizio Hero 1 Takeover (12HR),5357.14,27
2021-07-12,Vizio,Vizio Homescreen Hero True Crime ACR,1309.52,28
2021-07-12,Vizio,Vizio Homescreen Hero Rotational,3158.97,28
2021-07-12,Vizio,Vizio Homescreen & Discover RON,1785.71,28
2021-07-12,Vizio,Vizio Hero & Discover 1-5 - Highlight Hero,1428.57,28
2021-07-12,Vizio,Vizio Hero & Discover 1-5 - Dream Team,2747.25,28
2021-07-12,Vizio,Vizio Discover Rotational,1353.84,28
2021-07-12,Vizio,Vizio Hero 1 Takeover (12HR),5357.14,28
2021-07-12,Vizio,Vizio Discover True Crime ACR,873.02,28
2021-07-12,Vizio,Vizio Hero & Discover 1-5 - Torchbearer,952.38,28
2021-07-13,Vizio,Vizio Homescreen Hero True Crime ACR,1309.52,28
2021-07-13,Vizio,Vizio Hero 1 Takeover (12HR),5357.14,28
2021-07-13,Vizio,Vizio Hero & Discover 1-5 - Torchbearer,952.38,28
2021-07-13,Vizio,Vizio Discover True Crime ACR,873.02,28
2021-07-13,Vizio,Vizio Hero & Discover 1-5 - Highlight Hero,1428.57,28
2021-07-13,Vizio,Vizio Homescreen Hero Rotational,3158.97,28
2021-07-13,Vizio,Vizio Hero & Discover 1-5 - Dream Team,2747.25,28
2021-07-13,Vizio,Vizio Homescreen & Discover RON,1785.71,28
2021-07-13,Vizio,Vizio Discover Rotational,1353.84,28
2021-07-14,Vizio,Vizio Hero & Discover 1-5 - Dream Team,2747.25,28
2021-07-14,Vizio,Vizio Hero & Discover 1-5 - Torchbearer,952.38,28
2021-07-14,Vizio,Vizio Homescreen Hero Rotational,3158.97,28
2021-07-14,Vizio,Vizio Homescreen & Discover RON,1785.71,28
2021-07-14,Vizio,Vizio Hero & Discover 1-5 - Highlight Hero,1428.57,28
2021-07-14,Vizio,Vizio Hero 1 Takeover (12HR),5357.14,28
2021-07-14,Vizio,Vizio Homescreen Hero True Crime ACR,1309.52,28
2021-07-14,Vizio,Vizio Discover Rotational,1353.84,28
2021-07-14,Vizio,Vizio Discover True Crime ACR,873.02,28
2021-07-15,Vizio,Vizio Discover Rotational,1353.84,28
2021-07-15,Vizio,Vizio Homescreen Hero Rotational,3158.97,28
2021-07-15,Vizio,Vizio Hero & Discover 1-5 - Torchbearer,952.38,28
2021-07-15,Vizio,Vizio Homescreen Hero True Crime ACR,1309.52,28
2021-07-15,Vizio,Vizio Discover True Crime ACR,873.02,28
2021-07-15,Vizio,Vizio Homescreen & Discover RON,1785.71,28
2021-07-15,Vizio,Vizio Hero & Discover 1-5 - Dream Team,2747.25,28
2021-07-15,Vizio,Vizio Hero & Discover 1-5 - Highlight Hero,1428.57,28
2021-07-15,Vizio,Vizio Hero 1 Takeover (12HR),5357.14,28
2021-07-16,Vizio,Vizio Discover Rotational,1353.84,28
2021-07-16,Vizio,Vizio Homescreen Hero Rotational,3158.97,28
2021-07-16,Vizio,Vizio Homescreen Hero True Crime ACR,1309.52,28
2021-07-16,Vizio,Vizio Hero & Discover 1-5 - Torchbearer,952.38,28
2021-07-16,Vizio,Vizio Hero & Discover 1-5 - Dream Team,2747.25,28
2021-07-16,Vizio,Vizio Hero 1 Takeover (12HR),5357.14,28
2021-07-16,Vizio,Vizio Homescreen & Discover RON,1785.71,28
2021-07-16,Vizio,Vizio Discover True Crime ACR,873.02,28
2021-07-16,Vizio,Vizio Hero & Discover 1-5 - Highlight Hero,1428.57,28
2021-07-17,Vizio,Vizio Hero & Discover 1-5 - Torchbearer,952.38,28
2021-07-17,Vizio,Vizio Homescreen Hero Rotational,3158.97,28
2021-07-17,Vizio,Vizio Hero 1 Takeover (12HR),5357.14,28
2021-07-17,Vizio,Vizio Hero & Discover 1-5 - Highlight Hero,1428.57,28
2021-07-17,Vizio,Vizio Homescreen Hero True Crime ACR,1309.52,28
2021-07-17,Vizio,Vizio Hero & Discover 1-5 - Dream Team,2747.25,28
2021-07-17,Vizio,Vizio Discover True Crime ACR,873.02,28
2021-07-17,Vizio,Vizio Discover Rotational,1353.84,28
2021-07-17,Vizio,Vizio Homescreen & Discover RON,1785.71,28
2021-07-18,Vizio,Vizio Hero & Discover 1-5 - Highlight Hero,1428.57,28
2021-07-18,Vizio,Vizio Homescreen Hero True Crime ACR,1309.52,28
2021-07-18,Vizio,Vizio Homescreen Hero Rotational,3158.97,28
2021-07-18,Vizio,Vizio Discover Rotational,1353.84,28
2021-07-18,Vizio,Vizio Hero & Discover 1-5 - Dream Team,2747.25,28
2021-07-18,Vizio,Vizio Hero 1 Takeover (12HR),5357.14,28
2021-07-18,Vizio,Vizio Hero & Discover 1-5 - Torchbearer,952.38,28
2021-07-18,Vizio,Vizio Discover True Crime ACR,873.02,28
2021-07-18,Vizio,Vizio Homescreen & Discover RON,1785.71,28
2021-07-19,Vizio,Vizio Homescreen Hero Rotational,3158.97,29
2021-07-19,Vizio,Vizio Discover Rotational,1353.84,29
2021-07-19,Vizio,Vizio Hero & Discover 1-5 - Torchbearer,952.38,29
2021-07-19,Vizio,Vizio Hero & Discover 1-5 - Highlight Hero,1428.57,29
2021-07-19,Vizio,Vizio Hero & Discover 1-5 - Dream Team,2747.25,29
2021-07-19,Vizio,Vizio Hero 1 Takeover (12HR),5357.14,29
2021-07-19,Vizio,Vizio Homescreen Hero True Crime ACR,1309.52,29
2021-07-19,Vizio,Vizio Homescreen & Discover RON,1785.71,29
2021-07-19,Vizio,Vizio Discover True Crime ACR,873.02,29
2021-07-20,Vizio,Vizio Homescreen Hero True Crime ACR,1309.52,29
2021-07-20,Vizio,Vizio Homescreen Hero Rotational,3158.97,29
2021-07-20,Vizio,Vizio Hero & Discover 1-5 - Dream Team,2747.25,29
2021-07-20,Vizio,Vizio Discover True Crime ACR,873.02,29
2021-07-20,Vizio,Vizio Discover Rotational,1353.84,29
2021-07-20,Vizio,Vizio Hero & Discover 1-5 - Torchbearer,952.38,29
2021-07-20,Vizio,Vizio Hero & Discover 1-5 - Highlight Hero,1428.57,29
2021-07-20,Vizio,Vizio Hero 1 Takeover (12HR),5357.14,29
2021-07-20,Vizio,Vizio Homescreen & Discover RON,1785.71,29
2021-07-21,Vizio,Vizio Hero & Discover 1-5 - Dream Team,2747.25,29
2021-07-21,Vizio,Vizio Hero & Discover 1-5 - Highlight Hero,1428.57,29
2021-07-21,Vizio,Vizio Discover Rotational,1353.84,29
2021-07-21,Vizio,Vizio Discover True Crime ACR,873.02,29
2021-07-21,Vizio,Vizio Hero & Discover 1-5 - Torchbearer,952.38,29
2021-07-21,Vizio,Vizio Homescreen Hero True Crime ACR,1309.52,29
2021-07-21,Vizio,Vizio Hero 1 Takeover (12HR),5357.14,29
2021-07-21,Vizio,Vizio Homescreen & Discover RON,1785.71,29
2021-07-21,Vizio,Vizio Homescreen Hero Rotational,3158.97,29
2021-07-22,Vizio,Vizio Homescreen Hero Rotational,3158.97,29
2021-07-22,Vizio,Vizio Homescreen Hero True Crime ACR,1309.52,29
2021-07-22,Vizio,Vizio Hero & Discover 1-5 - Highlight Hero,1428.57,29
2021-07-22,Vizio,Vizio Homescreen & Discover RON,1785.71,29
2021-07-22,Vizio,Vizio Discover True Crime ACR,873.02,29
2021-07-22,Vizio,Vizio Hero & Discover 1-5 - Torchbearer,952.38,29
2021-07-22,Vizio,Vizio Discover Rotational,1353.84,29
2021-07-22,Vizio,Vizio Hero & Discover 1-5 - Dream Team,2747.25,29
2021-07-22,Vizio,Vizio Hero 1 Takeover (12HR),5357.14,29
2021-07-23,Vizio,Vizio Hero & Discover 1-5 - Torchbearer,952.38,29
2021-07-23,Vizio,Vizio Discover True Crime ACR,873.02,29
2021-07-23,Vizio,Vizio Discover Rotational,1353.84,29
2021-07-23,Vizio,Vizio Homescreen & Discover RON,1785.71,29
2021-07-23,Vizio,Vizio Homescreen Hero Rotational,3158.97,29
2021-07-23,Vizio,Vizio Hero 1 Takeover (12HR),5357.14,29
2021-07-23,Vizio,Vizio Homescreen Hero True Crime ACR,1309.52,29
2021-07-23,Vizio,Vizio Hero & Discover 1-5 - Dream Team,2747.25,29
2021-07-23,Vizio,Vizio Hero & Discover 1-5 - Highlight Hero,1428.57,29
2021-07-24,Vizio,Vizio Homescreen Hero Rotational,3158.97,29
2021-07-24,Vizio,Vizio Hero & Discover 1-5 - Dream Team,2747.25,29
2021-07-24,Vizio,Vizio Homescreen & Discover RON,1785.71,29
2021-07-24,Vizio,Vizio Homescreen Hero True Crime ACR,1309.52,29
2021-07-24,Vizio,Vizio Hero 1 Takeover (12HR),5357.14,29
2021-07-24,Vizio,Vizio Discover True Crime ACR,873.02,29
2021-07-24,Vizio,Vizio Hero & Discover 1-5 - Torchbearer,952.38,29
2021-07-24,Vizio,Vizio Discover Rotational,1353.84,29
2021-07-24,Vizio,Vizio Hero & Discover 1-5 - Highlight Hero,1428.57,29
2021-07-25,Vizio,Vizio Homescreen & Discover RON,1785.71,29
2021-07-25,Vizio,Vizio Homescreen Hero Rotational,3158.97,29
2021-07-25,Vizio,Vizio Hero & Discover 1-5 - Highlight Hero,1428.57,29
2021-07-25,Vizio,Vizio Discover True Crime ACR,873.02,29
2021-07-25,Vizio,Vizio Hero & Discover 1-5 - Torchbearer,952.38,29
2021-07-25,Vizio,Vizio Hero & Discover 1-5 - Dream Team,2747.25,29
2021-07-25,Vizio,Vizio Discover Rotational,1353.84,29
2021-07-25,Vizio,Vizio Hero 1 Takeover (12HR),5357.14,29
2021-07-25,Vizio,Vizio Homescreen Hero True Crime ACR,1309.52,29
2021-07-26,Vizio,Vizio Discover Rotational,1083.07,30
2021-07-26,Vizio,Vizio Hero & Discover 1-5 - Dream Team,659.34,30
2021-07-26,Vizio,Vizio Hero & Discover 1-5 - Highlight Hero,2285.71,30
2021-07-26,Vizio,Vizio Homescreen Hero Rotational,2527.17,30
2021-07-26,Vizio,Vizio Hero & Discover 1-5 - Torchbearer,1523.81,30
2021-07-27,Vizio,Vizio Hero & Discover 1-5 - Highlight Hero,2285.71,30
2021-07-27,Vizio,Vizio Hero & Discover 1-5 - Dream Team,659.34,30
2021-07-27,Vizio,Vizio Homescreen Hero Rotational,2527.17,30
2021-07-27,Vizio,Vizio Hero & Discover 1-5 - Torchbearer,1523.81,30
2021-07-27,Vizio,Vizio Discover Rotational,1083.07,30
2021-07-28,Vizio,Vizio Hero & Discover 1-5 - Torchbearer,1523.81,30
2021-07-28,Vizio,Vizio Hero & Discover 1-5 - Highlight Hero,2285.71,30
2021-07-28,Vizio,Vizio Discover Rotational,1083.07,30
2021-07-28,Vizio,Vizio Hero & Discover 1-5 - Dream Team,659.34,30
2021-07-28,Vizio,Vizio Homescreen Hero Rotational,2527.17,30
2021-07-29,Vizio,Vizio Hero & Discover 1-5 - Torchbearer,1523.81,30
2021-07-29,Vizio,Vizio Discover Rotational,1083.07,30
2021-07-29,Vizio,Vizio Homescreen Hero Rotational,2527.17,30
2021-07-29,Vizio,Vizio Hero & Discover 1-5 - Dream Team,659.34,30
2021-07-29,Vizio,Vizio Hero & Discover 1-5 - Highlight Hero,2285.71,30
2021-07-30,Vizio,Vizio Homescreen Hero Rotational,2527.17,30
2021-07-30,Vizio,Vizio Hero & Discover 1-5 - Dream Team,659.34,30
2021-07-30,Vizio,Vizio Discover Rotational,1083.07,30
2021-07-30,Vizio,Vizio Hero & Discover 1-5 - Torchbearer,1523.81,30
2021-07-30,Vizio,Vizio Hero & Discover 1-5 - Highlight Hero,2285.71,30
2021-07-31,Vizio,Vizio Hero & Discover 1-5 - Torchbearer,1523.81,30
2021-07-31,Vizio,Vizio Hero & Discover 1-5 - Highlight Hero,2285.71,30
2021-07-31,Vizio,Vizio Discover Rotational,1083.07,30
2021-07-31,Vizio,Vizio Homescreen Hero Rotational,2527.17,30
2021-07-31,Vizio,Vizio Hero & Discover 1-5 - Dream Team,659.34,30
2021-08-01,Vizio,Vizio Hero & Discover 1-5 - Highlight Hero,2285.71,30
2021-08-01,Vizio,Vizio Discover Rotational,1083.07,30
2021-08-01,Vizio,Vizio Hero & Discover 1-5 - Dream Team,659.34,30
2021-08-01,Vizio,Vizio Hero & Discover 1-5 - Torchbearer,1523.81,30
2021-08-01,Vizio,Vizio Homescreen Hero Rotational,2527.17,30
2021-08-02,Vizio,Vizio Hero & Discover 1-5 - Highlight Hero,2285.71,31
2021-08-02,Vizio,Vizio Discover Rotational,1083.07,31
2021-08-02,Vizio,Vizio Hero & Discover 1-5 - Dream Team,659.34,31
2021-08-02,Vizio,Vizio Hero & Discover 1-5 - Torchbearer,1523.81,31
2021-08-02,Vizio,Vizio Homescreen Hero Rotational,2527.17,31
2021-08-03,Vizio,Vizio Discover Rotational,1083.07,31
2021-08-03,Vizio,Vizio Hero & Discover 1-5 - Dream Team,659.34,31
2021-08-03,Vizio,Vizio Hero & Discover 1-5 - Highlight Hero,2285.71,31
2021-08-03,Vizio,Vizio Homescreen Hero Rotational,2527.17,31
2021-08-03,Vizio,Vizio Hero & Discover 1-5 - Torchbearer,1523.81,31
2021-08-04,Vizio,Vizio Homescreen Hero Rotational,2527.17,31
2021-08-04,Vizio,Vizio Hero & Discover 1-5 - Dream Team,659.34,31
2021-08-04,Vizio,Vizio Discover Rotational,1083.07,31
2021-08-04,Vizio,Vizio Hero & Discover 1-5 - Highlight Hero,2285.71,31
2021-08-04,Vizio,Vizio Hero & Discover 1-5 - Torchbearer,1523.81,31
2021-08-05,Vizio,Vizio Hero & Discover 1-5 - Highlight Hero,2285.71,31
2021-08-05,Vizio,Vizio Hero & Discover 1-5 - Torchbearer,1523.81,31
2021-08-05,Vizio,Vizio Discover Rotational,1083.07,31
2021-08-05,Vizio,Vizio Homescreen Hero Rotational,2527.17,31
2021-08-05,Vizio,Vizio Hero & Discover 1-5 - Dream Team,659.34,31
2021-08-06,Vizio,Vizio Hero & Discover 1-5 - Highlight Hero,2285.71,31
2021-08-06,Vizio,Vizio Homescreen Hero Rotational,2527.17,31
2021-08-06,Vizio,Vizio Discover Rotational,1083.07,31
2021-08-06,Vizio,Vizio Hero & Discover 1-5 - Dream Team,659.34,31
2021-08-06,Vizio,Vizio Hero & Discover 1-5 - Torchbearer,1523.81,31
2021-08-07,Vizio,Vizio Hero & Discover 1-5 - Torchbearer,1523.81,31
2021-08-07,Vizio,Vizio Hero & Discover 1-5 - Dream Team,659.34,31
2021-08-07,Vizio,Vizio Homescreen Hero Rotational,2527.17,31
2021-08-07,Vizio,Vizio Discover Rotational,1083.07,31
2021-08-07,Vizio,Vizio Hero & Discover 1-5 - Highlight Hero,2285.71,31
2021-08-08,Vizio,Vizio Discover Rotational,1083.07,31
2021-08-08,Vizio,Vizio Hero & Discover 1-5 - Dream Team,659.34,31
2021-08-08,Vizio,Vizio Hero & Discover 1-5 - Torchbearer,1523.81,31
2021-08-08,Vizio,Vizio Homescreen Hero Rotational,2527.17,31
2021-08-08,Vizio,Vizio Hero & Discover 1-5 - Highlight Hero,2285.71,31
2021-08-09,Vizio,Vizio Hero & Discover 1-5 - Dream Team,659.34,32
2021-08-09,Vizio,Vizio Hero & Discover 1-5 - Torchbearer,1523.81,32
2021-08-09,Vizio,Vizio Homescreen Hero Rotational,2527.17,32
2021-08-09,Vizio,Vizio Discover Rotational,1083.07,32
2021-08-09,Vizio,Vizio Hero & Discover 1-5 - Highlight Hero,2285.71,32
2021-08-10,Vizio,Vizio Homescreen Hero Rotational,2527.17,32
2021-08-10,Vizio,Vizio Hero & Discover 1-5 - Highlight Hero,2285.71,32
2021-08-10,Vizio,Vizio Hero & Discover 1-5 - Torchbearer,1523.81,32
2021-08-10,Vizio,Vizio Hero & Discover 1-5 - Dream Team,659.34,32
2021-08-10,Vizio,Vizio Discover Rotational,1083.07,32
2021-08-11,Vizio,Vizio Discover Rotational,1083.07,32
2021-08-11,Vizio,Vizio Hero & Discover 1-5 - Highlight Hero,2285.71,32
2021-08-11,Vizio,Vizio Hero & Discover 1-5 - Torchbearer,1523.81,32
2021-08-11,Vizio,Vizio Homescreen Hero Rotational,2527.17,32
2021-08-11,Vizio,Vizio Hero & Discover 1-5 - Dream Team,659.34,32
2021-08-12,Vizio,Vizio Homescreen Hero Rotational,2527.17,32
2021-08-12,Vizio,Vizio Hero & Discover 1-5 - Highlight Hero,2285.71,32
2021-08-12,Vizio,Vizio Hero & Discover 1-5 - Dream Team,659.34,32
2021-08-12,Vizio,Vizio Discover Rotational,1083.07,32
2021-08-12,Vizio,Vizio Hero & Discover 1-5 - Torchbearer,1523.81,32
2021-08-13,Vizio,Vizio Hero & Discover 1-5 - Torchbearer,1523.81,32
2021-08-13,Vizio,Vizio Hero & Discover 1-5 - Dream Team,659.34,32
2021-08-13,Vizio,Vizio Hero & Discover 1-5 - Highlight Hero,2285.71,32
2021-08-13,Vizio,Vizio Discover Rotational,1083.07,32
2021-08-13,Vizio,Vizio Homescreen Hero Rotational,2527.17,32
2021-08-14,Vizio,Vizio Hero & Discover 1-5 - Highlight Hero,2285.71,32
2021-08-14,Vizio,Vizio Homescreen Hero Rotational,2527.17,32
2021-08-14,Vizio,Vizio Hero & Discover 1-5 - Dream Team,659.34,32
2021-08-14,Vizio,Vizio Discover Rotational,1083.07,32
2021-08-14,Vizio,Vizio Hero & Discover 1-5 - Torchbearer,1523.81,32
2021-08-15,Vizio,Vizio Hero & Discover 1-5 - Dream Team,659.34,32
2021-08-15,Vizio,Vizio Hero & Discover 1-5 - Torchbearer,1523.81,32
2021-08-15,Vizio,Vizio Homescreen Hero Rotational,2527.17,32
2021-08-15,Vizio,Vizio Discover Rotational,1083.07,32
2021-08-15,Vizio,Vizio Hero & Discover 1-5 - Highlight Hero,2285.71,32
2021-08-16,Vizio,Vizio Hero & Discover 1-5 - Torchbearer,1523.81,33
2021-08-16,Vizio,Vizio Hero & Discover 1-5 - Highlight Hero,2285.71,33
2021-08-16,Vizio,Vizio Homescreen Hero Rotational,2527.17,33
2021-08-16,Vizio,Vizio Discover Rotational,1083.07,33
2021-08-16,Vizio,Vizio Hero & Discover 1-5 - Dream Team,659.34,33
2021-08-17,Vizio,Vizio Homescreen Hero Rotational,2527.17,33
2021-08-17,Vizio,Vizio Discover Rotational,1083.07,33
2021-08-17,Vizio,Vizio Hero & Discover 1-5 - Highlight Hero,2285.71,33
2021-08-17,Vizio,Vizio Hero & Discover 1-5 - Torchbearer,1523.81,33
2021-08-17,Vizio,Vizio Hero & Discover 1-5 - Dream Team,659.34,33
2021-08-18,Vizio,Vizio Hero & Discover 1-5 - Dream Team,659.34,33
2021-08-18,Vizio,Vizio Discover Rotational,1083.07,33
2021-08-18,Vizio,Vizio Hero & Discover 1-5 - Highlight Hero,2285.71,33
2021-08-18,Vizio,Vizio Hero & Discover 1-5 - Torchbearer,1523.81,33
2021-08-18,Vizio,Vizio Homescreen Hero Rotational,2527.17,33
